Date,Stock100%,S6:B4,All Weather,win
1996.7.1,0.0,0.0,0.0,0
1996.7.8,0.017111827695302992,0.003040741675630256,-0.0049860428678915845,0
1996.7.15,0.011544592147820356,0.004421536082011608,0.004131827907896074,1
1996.7.22,0.004430667105036621,0.00431815130036641,0.005184192136870536,1
1996.7.29,-0.04181475074697285,-0.03633885044818369,-0.02968907197923697,1
1996.8.5,0.0005886881311415815,0.0019742868401844077,0.0024178365347909785,1
1996.8.12,-0.004697175653224609,-0.0015975525943762968,-0.0003151501828516185,1
1996.8.19,-0.0027359781121750067,0.004072698846980733,0.006321278462414326,1
1996.8.26,0.022547711497233953,0.021810200397305145,0.017624344507835215,1
1996.9.2,-0.005659596006073622,-0.003395757603644173,-0.0027947670930063,1
1996.9.9,-0.03791483650561252,-0.029514229598927695,-0.01964647437856109,1
1996.9.16,-0.00953654450877246,-0.002395523378860146,0.0023613716622964756,1
1996.9.23,0.0012226540325748776,-0.005975002968295751,-0.009184559656066023,0
1996.9.30,-0.022253311764963028,-0.02118703860536962,-0.01713455639706772,1
1996.10.7,0.0011404784307017764,0.005133225379958022,0.005405406198004405,1
1996.10.14,-0.014500613707076303,-0.011154355954307152,-0.00784122147851453,1
1996.10.21,0.013927576601671435,0.009169554091084144,0.004437452895067337,1
1996.10.28,-0.004066084574559183,-0.008549630378136747,-0.005189697023211155,0
1996.11.4,-0.03843585262230568,-0.027474751292540858,-0.017854893325811458,1
1996.11.11,-0.009304616731890142,-0.008757373213737263,-0.008667131094043745,1
1996.11.18,-0.015061956020715292,-0.009824575187232306,-0.006983985739320218,1
1996.11.25,-0.011072082058953112,-0.009786667702955366,-0.0067228784512279195,1
1996.12.2,0.02301128107579715,0.020824312505127403,0.015290124963091364,1
1996.12.9,0.014818820984315894,0.01087541957471655,0.008352251795338331,1
1996.12.16,-0.027764053579270996,-0.016259628558330304,-0.011172201890632321,1
1996.12.23,-0.010575934407841093,-0.008740770225543,-0.0023230515088410344,1
1996.12.30,0.011575205803459337,0.015675282212234357,0.014823062817448532,1
1997.1.6,-0.015333609614587688,-0.004737691123722208,0.0011170186722662546,1
1997.1.13,-0.021948650427913045,-0.014810215897773434,-0.0060972013934301045,1
1997.1.20,0.007279333135782081,0.006410500800774618,0.007105100143544297,1
1997.1.27,-0.020297980584540295,-0.016285564531422315,-0.008508985711044456,1
1997.2.3,-0.004324819375190772,-0.005846924145439671,-0.0016427752954942243,1
1997.2.10,-0.0239627134100006,-0.019216337723419685,-0.012855312036584849,1
1997.2.17,0.008299525034632936,0.00816696601679563,0.004780740560879532,1
1997.2.24,0.013657283260785427,0.015423285619121919,0.012038423150807316,1
1997.3.3,-0.01789282011077107,-0.009917696156442208,-0.0032687482723796125,1
1997.3.10,0.01465893138874749,0.013713391620133708,0.009214180056068748,1
1997.3.17,0.011435127400178949,0.007276014199443459,0.004714409781579005,1
1997.3.24,0.013034051779109842,0.012804854743478408,0.011123326089317287,1
1997.3.31,0.020649196257817772,0.014071957292019755,0.010584763698852606,1
1997.4.7,0.02671856445441351,0.017298298123545722,0.009004783306955026,1
1997.4.14,-0.03889378431505464,-0.02842101635174469,-0.01821427201646656,1
1997.4.21,0.0012657567137302336,0.004106734362966176,0.0042295590192397425,1
1997.4.28,-0.06219214236251751,-0.04744186769599153,-0.030720229913759008,1
1997.5.5,-0.014526981315423626,-0.009127711422999023,-0.007776600375831609,1
1997.5.12,-0.006025849317393762,-0.002793310207085812,-0.0016470360459839434,1
1997.5.19,-0.02082554986441696,-0.0096117047899169,-0.0020982232305059145,1
1997.5.26,-0.0014757446607558174,-0.003790011111806199,-0.0031919626740501998,0
1997.6.2,-0.011470269250719124,-0.012237465360936067,-0.0059782299934168955,1
1997.6.9,-0.041095092131793326,-0.026689575604279276,-0.013337513462992676,1
1997.6.16,-0.006078789167888839,-0.0060739671306624735,-0.0033486872704578874,1
1997.6.23,0.012684989429175576,0.010827074059515399,0.008058332063528784,1
1997.6.30,-0.03338217063000114,-0.025297792752874068,-0.013324656461572375,1
1997.7.7,0.00026174584478472397,-0.003042952493129169,-0.0030172158573739845,0
1997.7.14,0.0015054326482523842,0.0009032595889514305,-0.0018073639018430167,0
1997.7.21,-0.025663716814159302,-0.01817600786627337,-0.01171225098936173,1
1997.7.28,-0.00889442793382974,-0.004548479420396383,-0.0038577871180926183,1
1997.8.4,0.014359017674261485,0.015723011789157148,0.012587860448999235,1
1997.8.11,0.035060093836364825,0.01781997589980884,0.006561888831438371,1
1997.8.18,-0.025232845994160834,-0.011151671704173482,-0.0025535651627817237,1
1997.8.25,0.026062758516144334,0.01362355641885072,0.004882217043309223,1
1997.9.1,-0.032886032886032805,-0.018930016525206875,-0.008269067882603023,1
1997.9.8,0.0055325332328722745,0.0013114878112093515,-0.0012713064317465823,0
1997.9.15,-0.028790683075191333,-0.025666018236723223,-0.01737151676438437,1
1997.9.22,0.005565433293705446,0.0029478705437379527,-0.003192671832098734,0
1997.9.29,-0.020958083832335273,-0.014920891355119589,-0.01232326353404172,1
1997.10.6,-0.002020662570075589,0.0034523254900245878,0.0064669557445271265,1
1997.10.13,0.02359924714058207,0.014946175619649126,0.010232991915617152,1
1997.10.20,0.0026690391459074543,-0.004309906561716625,-0.003813143986386042,0
1997.10.27,0.028694617900683894,0.011779877536526888,0.0013048301153349782,1
1997.11.3,-0.01409328464280246,-0.0069234037358730785,-0.0003361332785813715,1
1997.11.10,-0.0009056506129314313,-0.002466467290835741,-0.0007031514593981356,1
1997.11.17,-0.037421231216674754,-0.025132164567325435,-0.011624068183088481,1
1997.11.24,0.007984715862484351,0.00479082951749061,0.006708127545856457,1
1997.12.1,-0.02971530249110319,-0.016308268947133428,-0.0037401013979865777,1
1997.12.8,0.030900903648136267,0.012815351349187092,0.005455256392081323,1
1997.12.15,0.0069331543229948014,0.0030310120669859923,-0.0014480437399612318,0
1997.12.22,0.010900103508734802,0.006540062105240881,0.0034225979882119744,1
1997.12.29,-0.04119770198406758,-0.026970028319896477,-0.011501597467420068,1
1998.1.5,0.04856211027239899,0.02279398258134984,0.010530673539678542,1
1998.1.12,-0.03645614375491806,-0.018200591670765293,-0.010583192352153763,1
1998.1.19,0.004076920676851992,0.00986042488062461,0.008537879755211421,1
1998.1.26,-0.02369490074040032,-0.02177123695037803,-0.019006050816086615,1
1998.2.2,-0.03282735544946348,-0.014877136161244389,-0.002295952696643862,1
1998.2.9,-0.007536100191612503,-0.007898770809151362,-0.006227894311270702,1
1998.2.16,-0.013841915909380548,-0.0071888704758609106,-0.0011826541755015577,1
1998.2.23,-0.014629523984490463,-0.006538908420545006,-0.00016175349379228017,1
1998.3.2,-0.006051422799092893,0.0004967260578800773,0.005571944961274597,1
1998.3.9,-0.012238441209066909,-0.013030268516909286,-0.010455204927262872,1
1998.3.16,-0.028588540253226328,-0.017153124151935796,-0.008220801785560746,1
1998.3.23,0.00338440263473928,0.005768959337852901,-0.0004934957844207966,0
1998.3.30,-0.024884977725845314,-0.02361023191852607,-0.017564437911964683,1
1998.4.6,0.01071524004631689,0.011230621405444827,0.008913855802532298,1
1998.4.13,-0.010849307174948412,-0.006509584304969047,-0.003746064421694524,1
1998.4.20,0.013200085506626706,0.010910705509583504,0.008054766154710128,1
1998.4.27,-0.01182417185666568,-0.007094503113999408,-0.002231029321832634,1
1998.5.4,0.011471900089205976,0.008389731390623364,0.006957908090135815,1
1998.5.11,-0.0005324237009763371,-0.0003194542205858022,0.0004786664993605904,1
1998.5.18,-0.001569363145220215,-0.0035881207226708925,-0.0016987867693906114,0
1998.5.25,0.017695210136248696,0.006861257537148292,0.0030526493570532673,1
1998.6.1,-0.02112172494087014,-0.013417221011033695,-0.00587455245843803,1
1998.6.8,0.0134846390031063,0.0021483507184840147,0.00010260264106446652,1
1998.6.15,-0.0016471915838522195,0.0008415112162028105,-0.002146174143892923,0
1998.6.22,-0.029573433879979967,-0.01994994268092911,-0.010809518849339695,1
1998.6.29,-0.011666078362160277,-0.008462169869215762,-0.00507003092084526,1
1998.7.6,-0.015622546710629485,-0.008280631851514262,-0.0011955418691713946,1
1998.7.13,-0.019255709292039264,-0.006073973520429088,-0.0003186145931785971,1
1998.7.20,0.038719191068043016,0.02026855167786284,0.011496514622987692,1
1998.7.27,0.017645511921458523,0.012057895388169267,0.00948912033922625,1
1998.8.3,0.02785833474617865,0.012655960257301306,0.0028050865457746065,1
1998.8.10,0.024507779154619345,0.012878183474506739,0.00677333732773606,1
1998.8.17,-0.017398259233121625,-0.013348046448963886,-0.008117223317695184,1
1998.8.24,0.05003514483370936,0.025688956936326727,0.013275363751359926,1
1998.8.31,0.05184298148256334,0.02789150317525229,0.005809590489997728,1
1998.9.7,-0.03611290802862742,-0.02556499902443956,-0.019876341721697034,1
1998.9.14,-0.010930965452995944,-0.007611210850744912,-0.007530234740775947,1
1998.9.21,-0.024174337558450693,-0.015904427556942713,-0.01032775039691002,1
1998.9.28,0.04034458004307248,0.013395937215032721,-0.0022843492719122824,0
1998.10.5,0.018162776780371072,0.029233829056338066,0.03006581225224105,1
1998.10.12,-0.07317221832810175,-0.05315600003600695,-0.034797674078281604,1
1998.10.19,-0.013488953257227237,-9.337195433632706e-05,0.008229721661515489,1
1998.10.26,-0.02615184884231369,-0.01959527966918595,-0.012446476833547786,1
1998.11.2,-0.03853750443718306,-0.01257768719658046,0.0020609308599659495,1
1998.11.9,0.01340040841009278,0.0011810392698823995,-0.005149402455673258,0
1998.11.16,-0.03360515936467321,-0.02087294477585804,-0.007717310476345442,1
1998.11.23,-0.024734648274676613,-0.01625797231290166,-0.006656173600181398,1
1998.11.30,0.01307523923745936,0.004314693410083748,0.0030039196538697533,1
1998.12.7,0.008735999456124525,0.004541687162738596,0.0031933793523730505,1
1998.12.14,-0.018491847127205335,-0.011793798232655127,-0.006181402253495649,1
1998.12.21,-0.032187739366851015,-0.00954804030712016,0.003861804211815591,1
1998.12.28,-0.0024138240354897667,-0.007525148755520846,-0.010480624622631256,0
1999.1.4,-0.037307908202695916,-0.01499037872443448,-0.0062480932009850295,1
1999.1.11,0.024962943792202846,0.009237855961420356,0.0036803452338208314,1
1999.1.18,0.014534369319369992,0.0055375977189429555,0.0008104610163984552,1
1999.1.25,-0.044442086533517285,-0.02736700630607527,-0.014179260695480892,1
1999.2.1,0.03144634428432997,0.03007621287532654,0.023301110301593698,1
1999.2.8,0.007479425528481508,0.010253421082854677,0.008797575397249312,1
1999.2.15,-0.007389462902294812,-0.006261831306276365,-0.0028804729221827436,1
1999.2.22,0.0007181937024903569,0.0062543921086643745,0.008528678318938663,1
1999.3.1,-0.029992005362060276,-0.01467110349424448,-0.008946257143700925,1
1999.3.8,-0.014990552502214784,-0.01309116576576088,-0.01363671494242908,0
1999.3.15,-0.0036304930518542902,-0.0018096322366425357,-0.00014615334714788205,1
1999.3.22,0.012691546921780364,0.010566957673363424,0.005458693484201365,1
1999.3.29,-0.008512628624883126,0.0023273670629883145,0.00499927936604811,1
1999.4.5,-0.042227066134866806,-0.0355635124081928,-0.02545807396916436,1
1999.4.12,0.021767345273853163,0.01786188454196659,0.010657513918880422,1
1999.4.19,-0.0286959818043972,-0.01609609375553554,-0.008252153855638645,1
1999.4.26,0.015970814754762756,0.012581551645734882,0.006254046680460136,1
1999.5.3,-0.007354813583187237,0.0020082638803048418,0.007462594806612858,1
1999.5.10,0.005353159851301149,0.0058990360259438485,0.007119531909110514,1
1999.5.17,0.005613694124682308,-0.00011004439475582753,0.00025298351528421496,1
1999.5.24,0.021386314262303745,0.01589692265699911,0.012581899429825875,1
1999.5.31,-0.01990259939777552,-0.0069222546193603305,-3.759616344505847e-05,1
1999.6.7,0.025690077198267672,0.023625190013975297,0.015745865147821128,1
1999.6.14,-0.038032219164527856,-0.029605758644425294,-0.01836350874561192,1
1999.6.21,0.020501325548836775,0.019759087772874176,0.015289713295775885,1
1999.6.28,-0.057712630482547905,-0.04262757828952871,-0.029375923999719663,1
1999.7.5,-0.008668650536938763,-0.0048090334594181675,-0.00042949858558581655,1
1999.7.12,-0.01104555042471923,-0.011730372453065132,-0.009586528040062747,1
1999.7.19,0.04358674354022464,0.03235359651173169,0.01834417068815904,1
1999.7.26,0.020796792783763486,0.015233981182069128,0.009782214408317358,1
1999.8.2,0.021396532000722546,0.016009376088441458,0.007899961458038215,1
1999.8.9,-0.02106453175830015,-0.01263871905498009,-0.009210845901715978,1
1999.8.16,-0.006726018317666784,-0.006832813787802879,-0.005324492030623065,1
1999.8.23,-0.008723561846761645,-0.006424613298533152,-0.001702101936938153,1
1999.8.30,-0.006652970102427575,-0.0012222469477077696,0.00012705875496471183,1
1999.9.6,0.004111284665939648,0.002865177174065772,-0.0023133300439376002,0
1999.9.13,0.012014855806933702,0.0072089134841602205,0.0037487585761125735,1
1999.9.20,0.04347695855985396,0.021300532065124698,0.002140535977463099,1
1999.9.27,-0.00426661238805039,0.006109983306086048,-0.0003979658813923828,0
1999.10.4,-0.041479252578324174,-0.02408191207066018,-0.00970446721661519,1
1999.10.11,0.06632385742728394,0.04221611062185979,0.01965507214261641,1
1999.10.18,-0.04348209490063412,-0.0224344346053551,-0.006338455519437973,1
1999.10.25,-0.0470787077939538,-0.03767345418456902,-0.021751097425288014,1
1999.11.1,-0.005356107797172235,-0.0076180690827077225,-0.006447888894139064,0
1999.11.8,-0.01885084985732317,-0.012498628726275135,-0.010010556487586557,1
1999.11.15,-0.018580863286678264,-0.006410117182273453,-0.0018358128258229322,1
1999.11.22,0.003783403656821455,0.005067244991295682,0.0028416139675048386,1
1999.11.29,-0.011774505513122832,-0.005455045360187616,0.004534596145724107,1
1999.12.6,0.011344449870927226,0.0023622254781119146,-1.4371130662071225e-05,0
1999.12.13,-0.002815728560943946,0.008300572853443624,0.0068971660730999095,1
1999.12.20,-0.02625560332997892,-0.012064837407823424,-0.003471253689784138,1
1999.12.27,-0.007481108657789049,-0.0044886651946734295,-0.002220441017259903,1
2000.1.3,0.018907605921388446,0.011344563552833068,0.009792306601583287,1
2000.1.10,-0.016427674526698483,-0.0061337505278081335,-0.005722884459801405,1
2000.1.17,0.01623724533324246,0.010577420268838986,0.002772823223715382,1
2000.1.24,0.056335682966087465,0.023759568775468372,0.00901660582324607,1
2000.1.31,-0.047207681449241125,-0.032814404787912,-0.028617121023132203,1
2000.2.7,0.026151912775472668,0.019323841913517704,0.012647959619327883,1
2000.2.14,0.029579272161024264,0.012044915638773392,0.004311120809962189,1
2000.2.21,0.009457019961518189,0.00527260555120811,0.0027163524213542163,1
2000.2.28,-0.05685636287274268,-0.03652103938864054,-0.020676121272675915,1
2000.3.6,0.010005889991981192,0.009592766298279438,0.008351064108213185,1
2000.3.13,-0.04974660769710487,-0.037091425382850436,-0.021186344844688617,1
2000.3.20,-0.043012147739455234,-0.024621517892685022,-0.010118529964513647,1
2000.3.27,0.018907205426001408,0.005397841590585963,0.001353601220806689,1
2000.4.3,-0.011857892137890525,-0.01297411028273433,-0.008144992767450386,1
2000.4.10,0.10537804596564115,0.06630671208371579,0.034279082176469355,1
2000.4.17,-0.05748363507695938,-0.03293828967857133,-0.01690843337062305,1
2000.4.24,-0.012470896594030213,-0.0016402789496021437,0.006091912455770415,1
2000.5.1,0.01363232651487504,0.01964184650181037,0.014067157716496031,1
2000.5.8,0.008145857618505874,0.005294432170289681,0.00011357435771495452,1
2000.5.15,0.009859531584281043,0.006323050926128698,0.0024513809839820455,1
2000.5.22,0.02056220903372548,0.005405623075688908,-0.0026326577631855586,0
2000.5.29,-0.07201637131536553,-0.04922184683731552,-0.03158935987576602,1
2000.6.5,0.01374842614028671,0.006274722021783125,0.0016767910491391068,1
2000.6.12,-0.005154603795600392,-0.005450326128047878,-0.007067623180439331,0
2000.6.19,0.015691790830749914,0.01644632449844994,0.012373524959893982,1
2000.6.26,-0.0091017565280128,-0.011027654314421945,-0.011512734457564441,0
2000.7.3,-0.01670562353911741,-0.011199844711705785,-0.0018428352969116113,1
2000.7.10,-0.021015619717357444,-0.011827358145174991,-0.004218665883946375,1
2000.7.17,0.019728738128981817,0.0075277423876731475,0.0033640508844332206,1
2000.7.24,0.04073801336314929,0.024830404917114374,0.013883153727545483,1
2000.7.31,-0.030312207283662792,-0.02206705278920833,-0.015255923271790315,1
2000.8.7,-0.006090516976205187,-0.0032700642683359924,-0.0033154217565191007,0
2000.8.14,-0.013506902924230969,-0.009642603293000087,-0.007521429114278666,1
2000.8.21,-0.009874507280186642,-0.0074572714179204505,-0.00558080338638176,1
2000.8.28,-0.00950579176208964,-0.006466833835879721,-0.007076185605945607,0
2000.9.4,0.01727414401914818,0.01226924831625084,0.00797614851813969,1
2000.9.11,0.019197055871528975,0.018025410556410205,0.011361324719838342,1
2000.9.18,0.011659082691481104,0.0069954496148886625,0.005749571929523373,1
2000.9.25,0.008428129659285463,0.0035004575621082066,0.0017252837436323297,1
2000.10.2,0.01915754154165302,0.010719331126542216,0.006670059812060264,1
2000.10.9,0.024712737492813955,0.012893406518899177,-0.0008962759666141535,0
2000.10.16,-0.016562725135900208,-0.014172476274995346,-0.006983594415467619,1
2000.10.23,0.01242009263169961,0.00821396034092451,0.008534000984126917,1
2000.10.30,-0.03414807405152302,-0.01590869175915805,-0.005921759177421383,1
2000.11.6,0.04255304235678391,0.025145725027969967,0.010003796371946524,1
2000.11.13,-0.001273810743934764,-0.005007295125242294,-0.008685834971172897,0
2000.11.20,0.018973181645366044,0.0071854357047769,-0.00026921090544015924,0
2000.11.27,0.019779843043144476,0.009979331699352192,0.005660188952480373,1
2000.12.4,-0.04155927100203013,-0.029822780646330822,-0.01868800351121553,1
2000.12.11,0.04214936965741775,0.02008999319649334,0.008113713080336276,1
2000.12.18,0.004725069542354186,-9.804718384505287e-05,-0.0031458327916747304,0
2000.12.25,-0.010972855009762951,-0.003308007819324564,-0.0010209784398811906,1
2001.1.1,0.01661011300633204,0.005195425601964396,-0.0006953689235588462,0
2001.1.8,-0.01555820849539804,0.0008192000160884439,0.010065068613891046,1
2001.1.15,-0.018194228508588987,-0.014637467337711518,-0.009830258937505209,1
2001.1.22,-0.009243672441789506,-0.0025968947093133314,0.0020162622984468484,1
2001.1.29,0.004044429683752181,-0.002772970787706001,-0.007519706414777676,0
2001.2.5,0.02572120906726347,0.013232908758414891,0.008435777296042443,1
2001.2.12,0.010062673035382897,0.010413173556872437,0.01138152992824113,1
2001.2.19,0.04277273670218902,0.025663642021313413,0.012556196322155381,1
2001.2.26,0.009375050166150159,0.00046373977710942923,-0.0030301767438842405,0
2001.3.5,0.0006157934823121351,-0.0014503601253533537,-0.004247909166993404,0
2001.3.12,0.0672033857080314,0.036336524178441985,0.020997902270077813,1
2001.3.19,0.009300061710689896,0.007015014604889307,0.002138978960577407,1
2001.3.26,-0.017985138134634114,-0.003590362808773292,0.00587844099525061,1
2001.4.2,0.027492178949091953,0.01466212680116917,0.00285641383491283,1
2001.4.9,-0.04880231826520026,-0.021252193878828162,-0.006989332413152506,1
2001.4.16,-0.05025771018166457,-0.024195594451643057,-0.008574685867997662,1
2001.4.23,-0.00810149801284006,-0.0041047551404072655,-0.0014419211611713491,1
2001.4.30,-0.010821595307449779,-0.013689926881439544,-0.012270342057704586,0
2001.5.7,0.01653231855109294,0.020710088805074335,0.018065304215847407,1
2001.5.14,-0.03716072475053583,-0.026120526628524158,-0.022488459076922297,1
2001.5.21,0.010890430044273766,0.010322136814443033,0.01293268604525777,1
2001.5.28,0.013475338252901287,0.0027314744622570697,0.001448170316066518,1
2001.6.4,-0.003402952398327844,-0.0016644129484306768,-0.0029432582942824693,0
2001.6.11,0.04000126486213013,0.020979040314822932,0.008128697305916211,1
2001.6.18,-0.009050034586119445,-0.010678380639206835,-0.005813247474566187,1
2001.6.25,0.0007916105602479291,0.008985604634021113,0.013339549722253109,1
2001.7.2,0.027597641255166033,0.01655858475309962,0.007212931038141548,1
2001.7.9,-0.021073585365239206,-0.017181013222924212,-0.01021312346146918,1
2001.7.16,0.003973085022374436,-0.0024759620706875187,-0.0041004850898600535,0
2001.7.23,0.004154106619316987,0.0017537751442587208,-0.0006922554225010702,0
2001.7.30,-0.007074024315403603,-0.002769760211362009,-0.0003271233421025295,1
2001.8.6,0.019920121875900546,0.008251795604726279,-0.0012786752462330244,0
2001.8.13,0.023685890972642377,0.010545173447013487,0.002994493544193344,1
2001.8.20,-0.01975954628776994,-0.010765809516531197,-0.0035947694772177075,1
2001.8.27,0.043335893259517554,0.022358548706165916,0.00858378830583783,1
2001.9.3,0.04216729300093505,0.02530037580056103,0.011429745594282966,1
2001.9.10,-0.00622593895632632,-0.0015694983918463148,-0.006846813128007575,0
2001.9.17,0.11600490599886504,0.0728697312581212,0.04229823482151007,1
2001.9.24,-0.07780078691240433,-0.05399977681349936,-0.027181402713533108,1
2001.10.1,-0.029242799777124573,-0.021139570252617947,-0.011167953917183029,1
2001.10.8,-0.018919524351770595,-0.006365071690314341,0.0014168021903724383,1
2001.10.15,0.016644528924105777,0.0067405496357980065,0.00318795198041214,1
2001.10.22,-0.028999142974251855,-0.022050648575248813,-0.013598434705595156,1
2001.10.29,0.015761218891735415,0.0020296756321235105,-0.0020127361986397568,0
2001.11.5,-0.030454378219278787,-0.02278651582045619,-0.016880265052434174,1
2001.11.12,-0.01637046888807575,0.01077857703625325,0.026709796731863918,1
2001.11.19,-0.010266543714047184,-0.0010920529252608684,0.00213392006080381,1
2001.11.26,0.009466766347340677,0.002013698671832467,-0.003325811905104671,0
2001.12.3,-0.016551845188468032,0.00496444238737332,0.014967639977938502,1
2001.12.10,0.030406367898058402,0.01824382073883504,0.006892113044581489,1
2001.12.17,-0.0194107328887268,-0.0165521001105946,-0.011654944909778375,1
2001.12.24,-0.014088689743119321,-0.005843707788089662,-0.002338878718218206,1
2001.12.31,-0.009896470345041437,-0.004436944120720887,-0.0031148818676335647,1
2002.1.7,0.02295076374615149,0.002094375385167333,-0.00758220685680528,0
2002.1.14,0.01572974860335194,0.009437849162011163,0.008788973099755787,1
2002.1.21,-0.005055073697653422,0.0024564342809505033,0.004745262476244239,1
2002.1.28,0.009776930679090717,0.0021555832683078095,-0.0041094633188416664,0
2002.2.4,0.023150953484227427,0.012419983855242369,-0.00017041178562677596,0
2002.2.11,-0.007261316159165164,-0.005455690794400174,-0.004087279256624396,1
2002.2.18,0.012987012987013118,0.006331020577595964,0.004206599567281524,1
2002.2.25,-0.03848271305879768,-0.017266151948108446,-0.00840433301717346,1
2002.3.4,-0.028742335082789918,-0.006165068639701624,0.003297231489854726,1
2002.3.11,-0.0015889239120166765,0.0001862467923911096,-0.0010397095098883965,0
2002.3.18,0.014972216505453826,0.010888091808034227,0.004153441748860082,1
2002.3.25,0.0011404196047705628,0.0006842517628623376,-0.0024321536061350933,0
2002.4.1,0.021492256338298293,0.004857076291017219,-0.0021041032362223763,0
2002.4.8,0.01043884103925256,0.0055128355803995815,0.0060595261775964505,1
2002.4.15,-0.012745159809542743,-0.006898032215313676,-0.008188382541197168,0
2002.4.22,0.0434156616333533,0.021171348199524213,0.004276603532339267,1
2002.4.29,0.0026850750706108525,0.0001281905474637894,-0.00047869400508044414,0
2002.5.6,0.017178577084672547,0.012892557146463743,0.006616524885058257,1
2002.5.13,-0.04891041621247586,-0.023398294337150936,-0.007551715476424759,1
2002.5.20,0.020576726700946135,0.008572451114907316,0.001581910107401221,1
2002.5.27,0.015390009411156685,0.006243351441086531,0.0002670996895288533,1
2002.6.3,0.03711790393013112,0.023383914899822618,0.013384597317010617,1
2002.6.10,0.019717185872918545,0.002155892919099971,-0.007070189357862371,0
2002.6.17,0.017999146207074563,0.00970956946811397,0.003361600135564683,1
2002.6.24,-0.0006874658794509004,0.003935346559285954,0.005263597653917242,1
2002.7.1,0.000798124911600167,0.0015777760458611759,0.0019694600182537624,1
2002.7.8,0.0683902409431463,0.031851408110424057,0.007610543297528527,1
2002.7.15,0.07992272544742182,0.04831270169574214,0.02108407155969955,1
2002.7.22,-0.006004128575641441,-0.00647758945445944,0.0007945027096818384,1
2002.7.29,-0.013367102856338794,-0.013015801410502608,-0.011313545638559595,1
2002.8.5,-0.05137461816162175,-0.033644154156884945,-0.020095679158540016,1
2002.8.12,-0.0221539883782356,-0.012242524260537182,-0.008797473233914395,1
2002.8.19,-0.01301721631835657,-0.012020856106803387,-0.007975849226582083,1
2002.8.26,0.026348234593882153,0.012336718534107081,0.002132481032929688,1
2002.9.2,0.024179374938596492,0.011409518250593293,-0.0005391089476772897,0
2002.9.9,0.004597726865938802,-0.002365189670359813,-0.00546107749200968,0
2002.9.16,0.04992076960249937,0.02759158486436639,0.010646995357559582,1
2002.9.23,0.02131560581506758,0.011112917554421915,0.003927271481028512,1
2002.9.30,0.0323797091990282,0.02009560515213811,0.011764745498510197,1
2002.10.7,-0.043393539683729304,-0.022022745883816145,-0.007524655943044337,1
2002.10.14,-0.05874395441268009,-0.02240853480977025,-0.0028384787380210997,1
2002.10.21,-0.01499338527120387,-0.010043151581570467,-0.0026293406877947586,1
2002.10.28,-0.0036874060045675476,-0.006389989294646507,-0.008039750319998002,0
2002.11.4,0.006903747114189339,-0.004815546735793022,-0.005250187453205889,0
2002.11.11,-0.016865234593289705,-0.003716444884027755,0.0029249134977998997,1
2002.11.18,-0.022773485156567616,-0.009212036299420055,-0.005010779058413475,1
2002.11.25,-0.006189887700822085,9.55911890306001e-05,0.003687094221056595,1
2002.12.2,0.025717978020100105,0.009486730868004119,-0.0014001947688400836,0
2002.12.9,0.02493888602655032,0.012896148153397876,-0.00036870385958244945,0
2002.12.16,-0.007060304897243302,-0.006978256631576489,-0.009861350499572128,0
2002.12.23,0.022729302491738875,0.007850347452490136,-0.003894386925226493,0
2002.12.30,-0.03791409641306837,-0.00966120952569335,0.004149798534779497,1
2003.1.6,-0.02088951012007618,-0.008370653166581728,0.0003453680064463079,1
2003.1.13,0.027803831516758925,0.010722614422763508,-0.0013820484988882366,0
2003.1.20,0.04477810552462906,0.023067208737920803,0.005846612603801208,1
2003.1.27,0.0066171348966797446,0.004996799329795677,0.0021890839394148576,1
2003.2.3,0.030396166880916196,0.015493274742614896,0.0024195121460357043,1
2003.2.10,-0.006267401077510795,-0.0010347166260635445,0.005463952270338144,1
2003.2.17,-0.01590628705577977,-0.011945144446160839,-0.008872280244522968,1
2003.2.24,0.008276642654184872,-0.0032181576299954787,-0.009952240746407106,0
2003.3.3,0.014575283837603271,0.007408495281676443,0.002797352358399446,1
2003.3.10,-0.005284175222285219,-0.0005060588386167574,0.01203717642743891,1
2003.3.17,-0.07502970225737154,-0.030265097129779185,0.005706104715265795,1
2003.3.24,0.03604639480235319,0.015013389535894092,-0.0021913860290284715,0
2003.3.31,-0.017776491024898696,-0.006898771327268004,0.0038418469644457827,1
2003.4.7,0.0120043238322809,0.007202594299368539,0.0033437125665819597,1
2003.4.14,-0.029114361395831036,-0.019542947001716444,-0.013076811478574424,1
2003.4.21,-0.0058528615233106205,-0.0069510978254223015,-0.004113961052404486,1
2003.4.28,-0.03479044514413513,-0.020874267086481078,-0.010596612905750754,1
2003.5.5,-0.0035803371752966703,-0.011014357462893254,-0.017741257506821782,0
2003.5.12,-0.011666898790456483,-0.017008479557843497,-0.018342683491900335,0
2003.5.19,0.011733559250238196,-0.00012015737093114959,-0.007192367662199713,0
2003.5.26,-0.032543237393112025,-0.016008756184868033,-0.00588415934118422,1
2003.6.2,-0.02508328230886576,-0.014727388740158174,-0.009133465999966684,1
2003.6.9,-0.0008605329229772645,-0.010847231779613649,-0.0074074275220207195,0
2003.6.16,-0.0071615702855524835,0.008606283635120126,0.012161525575075239,1
2003.6.23,0.019554278942241085,0.01791142915396258,0.01660809383603661,1
2003.6.30,-0.009710925815902171,-0.003184111228599929,-0.002490203920008259,1
2003.7.7,-0.012620472760474729,-0.007239781578146856,-0.003224949381941385,1
2003.7.14,0.004828981906345739,0.014211865017351532,0.01520209275231992,1
2003.7.21,-0.005396045584504389,0.005324016484913804,0.005988647564440824,1
2003.7.28,0.01855449192934671,0.022331295332586164,0.019182732121077396,1
2003.8.4,0.0026118451257460037,-0.004193468982158164,-0.008775319669611675,0
2003.8.11,-0.013379842265162213,0.0004902845255521943,0.006106156771613788,1
2003.8.18,-0.002412508706229104,-0.0065245677804011285,-0.008358423263497165,0
2003.8.25,-0.015054478077860398,-0.009748890964889904,-0.006804389091498534,1
2003.9.1,-0.01327367784049761,-0.010466440841921453,-0.004934451364577471,1
2003.9.8,0.00270219994321463,-0.0015758381157763685,-0.0021174628917764566,0
2003.9.15,-0.01734682858348955,-0.014284749132472626,-0.008194204636848253,1
2003.9.22,0.03806812699025372,0.017256233960295395,0.003245321624108507,1
2003.9.29,-0.03310427847720308,-0.012977885502845107,-0.0028824212805683147,1
2003.10.6,-0.007972034762344067,-0.0023313819782470606,-0.004989081874808657,0
2003.10.13,-0.001213802670365866,0.003853216195137274,0.008256170863685835,1
2003.10.20,0.010016164415194411,-0.0014769323669261009,-0.008970766380036016,0
2003.10.27,-0.021187470235491883,-0.010262788353018654,-0.0013176904436717279,1
2003.11.3,-0.002379343491543813,0.003854084045918733,0.004548153923305348,1
2003.11.10,0.0027155078284483883,-0.0072913019041798525,-0.01579027999050341,0
2003.11.17,0.014347598419574368,0.005816237934816233,0.002896149070374331,1
2003.11.24,-0.022138938258249048,-0.006697574393424315,0.002312449121161533,1
2003.12.1,-0.0031185031185030753,-0.006452599668458701,-0.010729546671214773,0
2003.12.8,-0.01190767781441366,-0.0057508784656516475,-0.0064110361697576786,0
2003.12.15,-0.013517790976967602,-0.013355429830935819,-0.009811971941066096,1
2003.12.22,-0.006641191924016698,-0.0032944649387068405,-7.006984647414216e-05,1
2003.12.29,-0.011488379308142165,0.0038243449302400425,0.008827548854113085,1
2004.1.5,-0.012070583140877491,-0.016833824129641933,-0.021056494506645346,0
2004.1.12,-0.016018041466849722,-0.013080035634663222,-0.003209457548812936,1
2004.1.19,-0.0015089969556863984,0.001158230373449743,0.0006338513231661054,1
2004.1.26,0.009127940081468043,0.0072053725190623545,0.009422252346198033,1
2004.2.2,-0.010281753644585398,-0.007905163297862375,-0.004655568515783878,1
2004.2.9,-0.002668976863033318,-0.0029842728939651645,-0.006910265022485268,0
2004.2.16,0.0014836665764830519,0.0026128528313333777,0.00521561772083195,1
2004.2.23,-0.000725454720263047,-0.0052795634895972336,-0.008742063733431116,0
2004.3.1,-0.010411025905287478,-0.011716701013257962,-0.011008124703898333,0
2004.3.8,0.031369396469754306,0.016460760984719353,0.009027406961941207,1
2004.3.15,0.009629028083921543,0.006447995224200355,-0.002514309561006529,0
2004.3.22,0.0015498567283606006,0.003616731837184289,0.0037871982068252655,1
2004.3.29,-0.030458639423857917,-0.007793357787873481,0.004055432479725154,1
2004.4.5,0.0021807481104562138,0.004433448866273723,0.001558959517208932,1
2004.4.12,0.004134044868869182,0.008429683264278637,0.012050851488865241,1
2004.4.19,-0.0052793470884268685,2.9549828649025507e-05,0.005218520296367245,1
2004.4.26,0.02919516044187266,0.01930760656055782,0.01053530748402678,1
2004.5.3,0.007766639573737839,0.013293077269422506,0.011318572052497275,1
2004.5.10,0.002730499681441704,0.0027412409853356523,0.001778853694058389,1
2004.5.17,0.0019530893492745276,-0.00030280076831550214,-0.0013745345925890759,0
2004.5.24,-0.024799736639964994,-0.019287555482601554,-0.014563487084752698,1
2004.5.31,-0.0016240139915051008,0.0037485707149969953,0.007338146884491965,1
2004.6.7,-0.012445434298441005,-0.0074672605790646026,-0.0020731304865269774,1
2004.6.14,0.0012758805775779788,-0.0025432951828649724,-0.0061506309692348615,0
2004.6.21,0.0005198146288170413,-0.0018758960905310596,-0.0030597014229742222,0
2004.6.28,0.007977574641009101,-0.0017411070739621372,-0.005046541511545447,0
2004.7.5,0.01116956050400768,0.007415384830504566,0.0009959575947750747,1
2004.7.12,0.010262308929646432,0.0022253031415232936,-0.0015823098259527923,0
2004.7.19,0.01379166326187822,0.010752874063321632,0.009888924588681958,1
2004.7.26,-0.014288344687902762,-0.00679206291247449,-0.0036903198892167923,1
2004.8.2,0.03426460443669898,0.012687564093146378,-0.0007096565426364678,0
2004.8.9,-0.000780097183191187,-0.0015206898888620582,-0.0035108945572410984,0
2004.8.16,-0.031508264462809875,-0.017855089911281746,-0.011601337086256946,1
2004.8.23,-0.008576501115309394,-0.005496777862168086,0.00337522492288601,1
2004.8.30,-0.00528990674959615,-0.0014210956711424153,0.0005933703170754323,1
2004.9.6,-0.009240052800301683,-0.00941727111680077,-0.007391516778713438,1
2004.9.13,-0.004119510285429463,-0.005261592832112083,-0.008667781973897407,0
2004.9.20,0.016339550750963674,0.004955245602093398,-0.004206938413083894,0
2004.9.27,-0.019268360793074653,-0.0047175605305924614,-0.002131627207813929,1
2004.10.4,0.008272205037560671,0.002874550176583383,-0.004061663506093358,0
2004.10.11,0.012422692355677592,0.004683052642843782,7.027022282131727e-05,1
2004.10.18,0.011243457859592163,0.0033066938043193684,-0.003459511745221799,0
2004.10.25,-0.031449066384361284,-0.017505415960199004,-0.005531804118588704,1
2004.11.1,-0.03182622544682359,-0.013278797714629656,-0.0007024082792967294,1
2004.11.8,-0.01543514238918854,-0.009261085433513123,-0.0037042803230059778,1
2004.11.15,0.011679066350270783,0.005618550921273549,-0.0012665033242931594,0
2004.11.22,-0.010518310918194862,-0.005272924267179853,-0.0030895645886378515,1
2004.11.29,-0.0072041601488183156,-0.0022409696365590297,0.006971743530852663,1
2004.12.6,0.002661249024068834,-0.0036342880746606555,-0.00034961719324318836,0
2004.12.13,-0.005218855218855257,-0.002098610893791662,-0.008216657490630634,0
2004.12.20,-0.013339474124937249,-0.007313434259259172,-0.00030317096914641304,1
2004.12.27,-0.0014791799228181795,0.0011868222105269146,0.004410541229627,1
2005.1.3,0.02123077430853523,0.01412856015419148,0.010242617501843968,1
2005.1.10,0.0014078688911557783,-0.004037580321801695,-0.00871804828307231,0
2005.1.17,0.014056326613311798,0.004988490197099863,-0.000651139522792172,0
2005.1.24,-0.002988346305667591,-0.002817772941385161,-0.0005708603794597852,1
2005.1.31,-0.027036948504302754,-0.0209921861383568,-0.009746265484317174,1
2005.2.7,-0.0018869022385144027,-0.0007954410064082522,-0.003192043253419894,0
2005.2.14,0.0030780718493321466,0.00892350696806598,0.007005697669216711,1
2005.2.21,-0.00813921553941026,-0.004883529323646155,-0.0075434125623291765,0
2005.2.28,-0.008874249816323667,-0.004295390370068665,-0.003468160039850611,1
2005.3.7,0.018034235590613006,0.019075055541814073,0.011625692314229878,1
2005.3.14,0.008691087260849141,0.0052146523565094844,0.0016769695920817505,1
2005.3.21,0.015323834741310483,0.011301412346103252,0.01165900738637823,1
2005.3.28,-0.0012804971743695685,-0.0046517934502527895,-0.008519435609807422,0
2005.4.4,-0.007059304982436971,-0.002137680891560129,0.004053082776933878,1
2005.4.11,0.032661699966136264,0.012918636851386518,0.003587908747518945,1
2005.4.18,-0.00831422520172936,-0.007062865285255439,-0.009644708867544862,0
2005.4.25,-0.004105475124119032,-0.005214789803620175,8.508444171955934e-05,1
2005.5.2,-0.012534036391926353,-0.004104537975207,0.0014067720569308113,1
2005.5.9,0.014769283305587532,0.0030045501728443386,0.00031869841278219803,1
2005.5.16,-0.030527273515012363,-0.019335039830569424,-0.008278178828371762,1
2005.5.23,-0.007988026368895467,-0.006147599902624296,-0.007529965393077712,0
2005.5.30,0.002302340713058268,-0.00435699219663761,-0.010133716897939245,0
2005.6.6,-0.0017474624170163695,0.0006154160606054509,0.001361060769220606,1
2005.6.13,-0.01573311298628685,-0.007100686505222394,-0.00838885903822461,0
2005.6.20,0.020863463055482596,0.005459254303877823,-0.002711731476872414,0
2005.6.27,-0.002408586990273436,0.002518514197247969,0.007426750999661742,1
2005.7.4,-0.014584240313452198,-0.0060816534457860776,-0.0019311101047395666,1
2005.7.11,-0.013252355882692864,-0.005936300179489757,-0.0005248703017140391,1
2005.7.18,-0.004690859339370635,-0.0011267518905422479,0.001088690764932284,1
2005.7.25,-0.00040529148563646974,0.0014517403628554304,-0.0008451967304261258,0
2005.8.1,0.006287575556239763,0.007857651716722555,0.0033415664001101133,1
2005.8.8,-0.003237063974821046,-0.0077891859343337255,-0.013882880352570244,0
2005.8.15,0.008680174578792142,0.004530138645580384,0.005053448884025907,1
2005.8.22,0.011978257126694154,0.0054949068986899635,0.0007862718343188847,1
2005.8.29,-0.010721101983237967,-0.010813453102326969,-0.01433890138391575,0
2005.9.5,-0.01926076747508254,-0.00755646048504955,0.0009985480259169927,1
2005.9.12,0.0028756000902148537,0.008122666451435353,0.007516337844406865,1
2005.9.19,0.01827273388210784,0.009252776342951591,0.0006553637092378139,1
2005.9.26,-0.011124916686552166,-0.003949225991488367,-0.003680968469749181,1
2005.10.3,0.026782008609955856,0.016755311512457204,0.01179414046676945,1
2005.10.10,0.007801655656827623,0.010522917792722,0.009869922818837484,1
2005.10.17,0.005882501664461447,-0.00030659315999791636,-0.0005454028411426812,0
2005.10.24,-0.015954696123229396,-0.0030097779502761693,0.0018256119671578148,1
2005.10.31,-0.018132358708622273,-0.006314006972319957,0.004760820744770739,1
2005.11.7,-0.011949448423951289,-0.011787786283500464,-0.01062726194793257,1
2005.11.14,-0.010974147984968215,-0.008340415042078345,-0.007120665848109855,1
2005.11.21,-0.016006152515080887,-0.011002292907649962,-0.008142659438578299,1
2005.11.28,0.0024995071949537335,0.004287160762965274,-0.0004157767309890205,0
2005.12.5,0.0045135485502893384,0.002357251937191154,-0.003516778020808644,0
2005.12.12,-0.006312680149598645,-0.007643874522712717,-0.0019491591292098826,1
2005.12.19,-0.001057349367168628,-0.004801076286967878,-0.003622756132767745,0
2005.12.26,0.016056311383664746,0.01272657033535348,0.005609514482166762,1
2006.1.2,-0.029768723613903886,-0.017168593475701592,-0.012578193230978444,1
2006.1.9,-0.0016803454043329996,-0.002742812619876494,-0.004177527956399123,0
2006.1.16,0.02028564549824861,0.012171387298949166,0.0032327154931486015,1
2006.1.23,-0.017622018406804666,-0.004355594463771928,0.002076098066592946,1
2006.1.30,0.015338235752344791,0.00779943267947708,0.00369756590423888,1
2006.2.6,-0.0023417165731826274,0.0010425225036428812,0.00784562422381594,1
2006.2.13,-0.015982762294887883,-0.012052278309210664,-0.007171708707584947,1
2006.2.20,-0.0017013144401976745,-0.0003214879648179202,-0.00165358596997892,0
2006.2.27,0.0017061802501881027,0.0062776486054543805,0.004571635067194555,1
2006.3.6,0.004513567893849542,0.0062573865215803425,0.011268853444946464,1
2006.3.13,-0.020157325467059922,-0.013884905575670178,-0.013191914560357103,1
2006.3.20,0.003289347867661086,0.0012605962428783066,-0.0006561590696099592,0
2006.3.27,0.006201312406462377,0.013685200255265305,0.008430054963385579,1
2006.4.3,-0.00048653532787083586,0.00481756785437241,0.00407838194454816,1
2006.4.10,0.0049247394828252486,0.006282015593576844,0.0008582284139322586,1
2006.4.17,-0.017190021099664953,-0.011432372398848341,-0.014979476403941787,0
2006.4.24,0.0005109511317186816,0.002537053950406692,0.0031695152066428364,1
2006.5.1,-0.011559502826927989,-0.005814206369054014,-0.0052426050179469,1
2006.5.8,0.02603789524499154,0.01937156563809144,0.0065103566753408285,1
2006.5.15,0.018749419162975154,0.005194779217747243,0.008020449628732832,1
2006.5.22,-0.010362816981444882,-0.005472117029500683,-0.0037214485772599486,1
2006.5.29,-0.006296087989001332,-0.0063920318783680635,-0.00372083232270344,1
2006.6.5,0.02788343605905829,0.015245831579776312,0.011138011734210494,1
2006.6.12,0.0006068833346642106,0.005539730740170082,0.011206517749264889,1
2006.6.19,0.005625069913866088,0.007120360300379564,0.005465524167619518,1
2006.6.26,-0.02065086380072322,-0.01617123661691785,-0.01689274019994538,0
2006.7.3,0.0037159502440560757,0.0014805064760216762,-0.0021020438096959796,0
2006.7.10,0.023137465625691415,0.011265656945508296,-0.003872672253323011,0
2006.7.17,-0.0033085261284581118,-0.0023565177197860943,0.00728976895318263,1
2006.7.24,-0.030847624345919093,-0.020363862177124763,-0.013859947074377621,1
2006.7.31,-0.0006335301708966762,-0.004073562239195426,-0.007145866881233022,0
2006.8.7,0.009864307153576704,0.0099442018584772,0.008909013357952128,1
2006.8.14,-0.02807205898605866,-0.02238852189810471,-0.009459495636709003,1
2006.8.21,0.005536358749904044,0.0014986611934246893,-0.002547677726617374,0
2006.8.28,-0.012292581982719404,-0.00991638403536668,-0.0036768386326553708,1
2006.9.4,0.00922189762091816,0.007697250384994557,0.00881396993797605,1
2006.9.11,-0.015967111138484286,-0.009217619357614604,0.0023578725258802044,1
2006.9.18,0.0036979221920798605,-0.005766727628490764,-0.008050124398990945,0
2006.9.25,-0.0160254947595795,-0.008547681197384735,-0.006415953820079654,1
2006.10.2,-0.0102855859565071,-0.0029599331974546035,0.00492323381677442,1
2006.10.9,-0.011877681369897504,-0.002810062059348601,-0.0026236615685534892,1
2006.10.16,-0.0021821590193465373,-0.002763840866153346,-0.0028407013134813656,0
2006.10.23,-0.006386087973111215,-0.008179478870823287,-0.008795384420000017,0
2006.10.30,0.009467524358546158,0.006397360493263881,0.001437126510952342,1
2006.11.6,-0.01216741185956178,-0.011968310670494663,-0.011045648408582144,1
2006.11.13,-0.014700557607357487,-0.008465409985887436,-0.0020654518142175305,1
2006.11.20,0.0001784184984299172,-0.002024387622078835,-0.004129237891598768,0
2006.11.27,0.0030265177201184972,-0.0027777289439005984,-0.009949974351400005,0
2006.12.4,-0.00940066298658983,-0.0004002231194648641,0.007887331234638991,1
2006.12.11,-0.012235430970890315,-0.005217364777224436,-0.0007161531774319899,1
2006.12.18,0.011442866252303589,0.008289207295866172,0.006168047933344908,1
2006.12.25,-0.005344636933284162,-0.0007067821599705502,0.00115721984381438,1
2007.1.1,0.006056546569837071,0.0011182046714620442,0.0068331118347591474,1
2007.1.8,-0.01491086819274885,-0.003946520915649352,-0.0005637353527011483,1
2007.1.15,0.00016075709602791455,9.645425761674873e-05,-0.0010396328006290003,0
2007.1.22,0.00581614819993005,0.008191316406395671,0.004185108815770689,1
2007.1.29,-0.018429453374397078,-0.013253463424455282,-0.010527050532164055,1
2007.2.5,0.007132056973605282,0.003187332455318788,-0.0032453313562381576,0
2007.2.12,-0.012155264731652378,-0.010922922904327167,-0.008206509921577431,1
2007.2.19,0.0029885815573600927,0.0014334367042001719,-0.003205710838438855,0
2007.2.26,0.044115518987865115,0.020359697735935604,0.01078426998009009,1
2007.3.5,-0.011296380400383402,-0.003945969833150393,-0.00042841899957885986,1
2007.3.12,0.011327022326138315,0.005370188440246299,0.002025360604831254,1
2007.3.19,-0.0354446807743609,-0.017359170809199152,-0.008587694407218037,1
2007.3.26,0.010618963728405206,0.009958822183231452,0.0034541892419834496,1
2007.4.2,-0.016116999563644617,-0.008584226887507995,-0.004655829873888231,1
2007.4.9,-0.006296060287028258,-0.0012368013264819166,-0.0015346364664068676,0
2007.4.16,-0.021681522524692846,-0.01666188155134544,-0.010056982138262742,1
2007.4.23,-0.006548320813824252,-0.00248102868738954,-0.0005465160229460068,1
2007.4.30,-0.007730561486409576,-0.008271397745615033,-0.005497402726161246,1
2007.5.7,-0.00015276098882853456,0.0017085234247046414,0.0028148658135021525,1
2007.5.14,-0.011222897366935679,-0.0016704472809208806,0.0031468639689178615,1
2007.5.21,0.004610080446560487,0.005330150832038867,0.005439830140240234,1
2007.5.28,-0.013597408509431034,-0.005577799944368286,-0.0025041302048320465,1
2007.6.4,0.018661233841467284,0.018246833069258832,0.017249555068275215,1
2007.6.11,-0.016741064025947328,-0.008156064289033902,-0.007382730039059081,1
2007.6.18,0.019798944491196572,0.01149986005335166,0.006062835199258267,1
2007.6.25,-0.0005257693536364363,-0.006002665403651002,-0.005916451351923107,0
2007.7.2,-0.01801975587853803,-0.004456713340206932,-3.04837785762113e-06,1
2007.7.9,-0.014414155406288352,-0.012067296662576424,-0.011198316770548741,1
2007.7.16,0.01185185185185191,0.0018380414312617836,-0.005367178066202481,0
2007.7.23,0.04898637637702879,0.024930859283466306,0.011790506936360608,1
2007.7.30,0.017745638986942733,0.00733855986275388,0.0008626110109602179,1
2007.8.6,-0.014360878120944102,-0.0031470647030131206,0.003915588958211611,1
2007.8.13,0.00529704741201401,0.0016994853788165703,0.0004169633125280271,1
2007.8.20,-0.023119908156631556,-0.0182918343967414,-0.012063386425662933,1
2007.8.27,0.0036366831827060724,-0.0014609773399209707,-0.005671611233549246,0
2007.9.3,0.013867122572066333,0.0018220785973914345,-0.008823907561354294,0
2007.9.10,-0.02112070448212999,-0.010896223754997391,-0.007167953426347267,1
2007.9.17,-0.027960249284150245,-0.009282840025441053,-0.0044532944331640446,1
2007.9.24,-0.0006554153694904145,-0.0025750674035124486,-0.004361122315480281,0
2007.10.1,-0.020199770754871404,-0.009949880536105463,-0.0024199675127720313,1
2007.10.8,-0.002702893572763074,-0.00016719068911242078,-0.0009298952387198126,0
2007.10.15,0.039166346523242315,0.012915866308106004,-0.005004472369128004,0
2007.10.22,-0.023090302073129194,-0.014209736799433064,-0.01157869658670416,1
2007.10.29,0.01669402324006037,0.0061087762886188335,-0.004093728958171138,0
2007.11.5,0.03706157056271324,0.02153333635697706,0.0067976173318924134,1
2007.11.12,-0.0034670152025864783,-0.005240876373527299,0.00039704773626539173,1
2007.11.19,0.012366837133416485,0.0032389176110603707,-0.007310324774008241,0
2007.11.26,-0.02806968834594298,-0.017876295766186517,-0.0016601664152864244,1
2007.12.3,-0.015879660261690305,-0.0019611581518550894,0.0025321739723589472,1
2007.12.10,0.024397538314303586,0.018494789421535682,0.009989317370522716,1
2007.12.17,-0.011246977076875908,-0.01028800925497509,-0.009901613410137145,1
2007.12.24,0.004021664443636088,0.0013603670872343067,-0.004021565173908613,0
2007.12.31,0.04522181414821872,0.019084094613165688,-0.0004860618033785337,0
2008.1.7,0.007516133831103141,0.004509680298661885,0.0008696283540013,1
2008.1.14,0.05412485189362031,0.027672166710786233,0.0122583040735074,1
2008.1.21,-0.004089979550102133,-0.003470936882603631,-0.0055917431772291235,0
2008.1.28,-0.04870698401485046,-0.02854794357881731,-0.013437690231701735,1
2008.2.4,0.04595748950136884,0.03130014992436072,0.013904790499646075,1
2008.2.11,-0.01404652630155717,-0.0026159499689684907,0.001556800703553512,1
2008.2.18,-0.002311128230579405,-0.0010397558628923165,-0.006166339358131255,0
2008.2.25,0.016613579088174495,0.0016348141195713546,-0.009615592120902744,0
2008.3.3,0.028001773595965982,0.02122283286506255,0.011212649592878847,1
2008.3.10,0.004043699792016044,-0.005140418129949406,-0.01137627029873262,0
2008.3.17,-0.032116074339745594,-0.025345593970935956,-0.005335810310786749,1
2008.3.24,0.010748320809922425,0.014761544439403165,0.009408350891789173,1
2008.3.31,-0.041954958105868266,-0.02619165058508297,-0.011668803330228556,1
2008.4.7,0.02741535318155295,0.015094427827644752,0.003447609799958787,1
2008.4.14,-0.043141285835402866,-0.015083083737528629,-0.0015222456211609137,1
2008.4.21,-0.005401595304711825,0.00022825357172623264,0.0045632580597264796,1
2008.4.28,-0.011489154695816527,-0.0072434490729579755,-2.946210701506094e-05,1
2008.5.5,0.018120093358794904,0.007375552518773459,-0.006565415922866705,0
2008.5.12,-0.026702106203359506,-0.013594920567769652,-0.005769324657413082,1
2008.5.19,0.034672185778931386,0.02045457563475204,0.005202891805123198,1
2008.5.26,-0.017769799335722054,-0.003344806430701494,0.009053693498632692,1
2008.6.2,0.028349448006969567,0.014525196754492289,-0.0009333361941572441,0
2008.6.9,0.00047770232530800106,0.009457697232927298,0.014884679880365854,1
2008.6.16,0.03095519951765763,0.01424098974669569,0.0010736402821945124,1
2008.6.23,0.03000918106424465,0.009791222924261059,-0.005119075743825266,0
2008.6.30,0.01210907554874139,0.006915489073776774,0.0007594252127183099,1
2008.7.7,0.018536701243170545,0.010772370396251986,0.003663929791133799,1
2008.7.14,-0.017095740990246033,-0.00431857996532666,0.008753722607381581,1
2008.7.21,0.002316210299203662,0.00316277582491223,0.008328850082216375,1
2008.7.28,-0.0020274138150362187,-0.007627846329983431,-0.007339423563329882,0
2008.8.4,-0.02857233537780387,-0.018896249605297597,-0.0008923139089736061,1
2008.8.11,-0.0014502591952605139,-0.003662476634084696,0.002890272359757195,1
2008.8.18,0.00462178400862733,0.002426449954569758,-0.0040784189570186695,0
2008.8.25,0.0072511995047207225,0.0033117586638714163,0.0010125042784789574,1
2008.9.1,0.031586414411886206,0.013079655210171449,0.010227199916760651,1
2008.9.8,-0.007558499891331552,-0.0031733978071393854,0.0047690227531042104,1
2008.9.15,-0.00270032755452575,0.0017956873272333602,-0.006856948772690255,0
2008.9.22,0.03331261752238897,0.021365692821788216,0.008164842530467946,1
2008.9.29,0.09399391726491214,0.047753308008039765,0.029631235023515556,1
2008.10.6,0.18195464097595587,0.12000188780046354,0.07576746321478436,1
2008.10.13,-0.04596205600409235,-0.01818592925462934,0.005940534381001921,1
2008.10.20,0.06781138695444153,0.031425923891275784,0.02214732392446083,1
2008.10.27,-0.10490778653466704,-0.04971577722976451,-0.018308165866006514,1
2008.11.3,0.03897806451612902,0.01366586661246764,0.003105145570227271,1
2008.11.10,0.06197703519908919,0.030507837991158276,0.012080051504626117,1
2008.11.17,0.08388965864718478,0.029936215240169126,0.003225428304399836,1
2008.11.24,-0.12025799032536284,-0.08037847840574401,-0.05258473557237154,1
2008.12.1,0.022505132553780192,0.0006102511680456998,0.011216488166542759,1
2008.12.8,-0.00417774835344204,-0.0071904897614797555,-0.022335563961112345,0
2008.12.15,-0.009264206063223918,-0.028706671786082497,-0.026455055624238943,0
2008.12.22,0.016984277154570484,0.010774081974726284,0.0061631897578780055,1
2008.12.29,-0.06759853345554538,-0.023904627743159216,-0.008472323493258088,1
2009.1.5,0.044483794805752236,0.0324829598102806,0.022230643899475742,1
2009.1.12,0.045184478014264076,0.020923525168960577,0.009616139207450686,1
2009.1.19,0.0213734531595539,0.032016760395351555,0.021442332734010618,1
2009.1.26,0.007296111545165034,0.013657666927098994,0.013282384539803073,1
2009.2.2,-0.05172664309584931,-0.029070383891907605,-0.012094724403273796,1
2009.2.9,0.048077365876122484,0.02752954709768998,0.010623809517967573,1
2009.2.16,0.06868317933336568,0.03727225378541724,0.015465204297713683,1
2009.2.23,0.045399649373417214,0.035688205546064944,0.02374127290774816,1
2009.3.2,0.0703451278074794,0.03291247087535903,0.01086064543225118,1
2009.3.9,-0.10707073663262015,-0.06197155795686324,-0.030857815656229443,1
2009.3.16,-0.01584825854206597,-0.018318090524913302,-0.02444772159100445,0
2009.3.23,-0.06167538449527688,-0.024874344823263526,-0.0009861240525119237,1
2009.3.30,-0.032551413094099986,-0.014592576251521706,-0.002944290173237299,1
2009.4.6,-0.0166884272997032,-0.0073463897131552484,-0.0017208793803588664,1
2009.4.13,-0.015223685439432238,-0.0071207884448673785,-0.0009772759844835018,1
2009.4.20,0.003875344986200557,0.0053606201451773285,0.002307333634049972,1
2009.4.27,-0.01303348995070589,0.0003362356812332285,0.00529677377913631,1
2009.5.4,-0.05892743185340509,-0.029805721904757707,-0.019669213197515144,1
2009.5.11,0.049880008178814744,0.0211329301491534,0.005452712018463881,1
2009.5.18,-0.0046665458499456376,0.010625201577812268,0.00827923019454924,1
2009.5.25,-0.03623449830890641,-0.02245307654545069,-0.016584512613056074,1
2009.6.1,-0.02279304567312928,0.0009019503739002184,0.010349002864324486,1
2009.6.8,-0.006510014998563972,-0.005382023759286019,-0.004829047415865161,1
2009.6.15,0.026400059183479374,0.011795917863028822,0.0064186830975224395,1
2009.6.22,0.0025292272288136956,-0.009765448194103975,-0.011829414949224968,0
2009.6.29,0.024464033083034083,0.013970455248050552,0.009263152956405049,1
2009.7.6,0.019287833827893137,0.005565633158926697,0.004763407277390106,1
2009.7.13,-0.06967115216179633,-0.02578876614477141,-0.009187230280995521,1
2009.7.20,-0.04134498819626108,-0.025532287568708647,-0.017310817764379583,1
2009.7.27,-0.008394093499172873,-0.015534193656064777,-0.015219549647199385,0
2009.8.3,-0.023291610969336088,0.00048711454714614813,0.007950123848977076,1
2009.8.10,0.006323727337502956,-0.00718472059658334,-0.008961114568084575,0
2009.8.17,-0.021950223585535236,-0.013882511711427983,-0.009463669737913356,1
2009.8.24,-0.0027286990927075073,-0.009459441677846748,-0.00946931112249519,0
2009.8.31,0.012177699163208464,0.009399034493565897,0.006530585451002189,1
2009.9.7,-0.025905155450610038,-0.020801638406211784,-0.016541177743305133,1
2009.9.14,-0.02452216777113916,-0.01090707228898103,-0.005400798523224024,1
2009.9.21,0.022390714218852237,0.007146218924324389,0.0049803482806141715,1
2009.9.28,0.018355387885635566,0.006885975637658236,-0.0026309016638496555,0
2009.10.5,-0.04514197091327628,-0.017553267654348767,-0.00911409969877148,1
2009.10.12,-0.015109800371445421,-0.008019672725046813,-0.00903336297939593,0
2009.10.19,0.007428655486908056,0.006904745739697292,0.003569037318973014,1
2009.10.26,0.04020933679140409,0.020607572171588227,0.01154029244438752,1
2009.11.2,-0.031953599243381904,-0.012197442893893098,-0.0064783212669391995,1
2009.11.9,-0.02261292434302821,-0.016407151234033433,-0.012129147750300823,1
2009.11.16,0.0019204740827449144,-0.002724367532731949,-0.006910301037779263,0
2009.11.23,-0.00010078982572513693,-0.005994156268908028,-0.009060984792416144,0
2009.11.30,-0.013275430833081392,0.003040760416746186,0.00983471163571122,1
2009.12.7,-0.00038879545742243407,0.004364423874971855,0.009894645865960382,1
2009.12.14,0.0035610668739437046,-1.0050394417337495e-05,-0.0022702899097387847,0
2009.12.21,-0.021778370386495768,-0.0009673781037835873,0.006213446591285394,1
2009.12.28,0.010102265464100658,0.006061359278460395,0.007420123582715178,1
2010.1.4,-0.02679580306698961,-0.014242619454872636,-0.012171908315171454,1
2010.1.11,0.007816730423238874,-0.0015772428520474573,-0.0016634799945997904,0
2010.1.18,0.03896904131052876,0.019025707907914316,0.011922135813204466,1
2010.1.25,0.016386385286143567,0.0094727647443971,0.006985002619368215,1
2010.2.1,0.007151703651279798,0.003932277796149052,0.004912136446491968,1
2010.2.8,-0.00874140631594738,0.001565192052725462,-0.0006609691938519258,0
2010.2.15,-0.03129678013221642,-0.015496390777597863,-0.011035356161701919,1
2010.2.22,0.0042193712415590605,-0.005188965490358647,-0.00712512264802593,0
2010.3.1,-0.030973571512643877,-0.014977289886846934,-0.007625918107799142,1
2010.3.8,-0.009914815140071979,-0.006312856326991314,-0.0004207004330438733,1
2010.3.15,-0.00861746623883693,-0.007715934288756714,-0.005163615573335869,1
2010.3.22,-0.005767738598154864,0.0052114435619742975,0.009488366668794072,1
2010.3.29,-0.009866362646688203,-0.005919817588012921,-0.007221587805772485,0
2010.4.5,-0.013810372633902031,-0.007916879166675482,-0.006480445289093513,1
2010.4.12,0.0018754657267009234,-0.0025715782349591005,-0.0028646873767194446,0
2010.4.19,-0.021096692474813872,-0.012658015484888324,-0.0073819322255491236,1
2010.4.26,0.0251297975814931,0.007751871222888559,-0.003164908988690522,0
2010.5.3,0.06388357532295709,0.02609992936643606,0.009340236508354489,1
2010.5.10,-0.022324643525853335,-0.011300545277815648,-0.005392704545105642,1
2010.5.17,0.042256621583544665,0.013775025581705742,0.006777816843489653,1
2010.5.24,-0.0015813329165479384,0.005189307666951022,0.0017566692246687166,1
2010.5.31,0.02251677513516488,0.00831525988629378,0.0024438700229987157,1
2010.6.7,-0.02509202914882409,-0.01334581577989278,-0.00905644246735719,1
2010.6.14,-0.02373580065958234,-0.014584828035234376,-0.011782403214915955,1
2010.6.21,0.036464998076079856,0.01707625442026196,0.004971064786909945,1
2010.6.28,0.05031761952524235,0.02408887679989118,0.015454306693812463,1
2010.7.5,-0.054157131960335614,-0.027819821747152935,-0.014351530564187488,1
2010.7.12,0.012134030947344917,0.0015371753251637085,-0.0022902672398359943,0
2010.7.19,-0.035478175944707355,-0.01762329191153717,-0.008417427342604067,1
2010.7.26,0.0009613117370723276,-0.002448423041790212,-0.004629672480934066,0
2010.8.2,-0.018191721132897777,-0.012249478050881257,-0.010136817481909552,1
2010.8.9,0.03779287471916131,0.015360679112461018,0.005237653623898136,1
2010.8.16,0.007004864489228581,-0.005919530286054704,-0.0077780470259178345,0
2010.8.23,0.006625050154429113,0.006204329455714802,0.0031812788406429225,1
2010.8.30,-0.03749800392639427,-0.01769495928137698,-0.007691098442659505,1
2010.9.6,-0.004563109433142265,0.0014760727517839772,0.0022813480476623544,1
2010.9.13,-0.01445631111711952,-0.007035785032270051,-0.00543408660954646,1
2010.9.20,-0.020504801926101116,-0.01789498641881856,-0.01476237528399711,1
2010.9.27,0.002115490088537233,-0.003921297998783585,-0.008599891680021999,0
2010.10.4,-0.0164974176437745,-0.010218706791228663,-0.009849972124451175,1
2010.10.11,-0.009475174870188357,0.0067948950778870055,0.009369825331849798,1
2010.10.18,-0.005857897108460259,-0.006157182526017529,-0.0018925344534833134,1
2010.10.25,-0.00015214524799680805,0.003518228847920519,0.0013788871768526856,1
2010.11.1,-0.03599377989621885,-0.016629380520512757,-0.012542903156365422,1
2010.11.8,0.021731859526043052,0.021421345388718874,0.019820752790096926,1
2010.11.15,-0.00043361879904268795,-0.000602637032850263,0.003435023182886305,1
2010.11.22,0.008610270644228224,0.004139643994749043,-7.30198502442639e-05,0
2010.11.29,-0.02968723726248524,-0.010645106862610568,-0.007373360277370998,1
2010.12.6,-0.012811196119897816,0.001001379634751146,0.009186097799769007,1
2010.12.13,-0.002829732344405023,-0.0016978394066430138,-0.0015071371447369542,1
2010.12.20,-0.010338368531485316,-0.004071582397754405,-0.0024895436728304566,1
2010.12.27,-0.0006922507698306915,0.004227506680958693,0.003904651107547025,1
2011.1.3,-0.011020641837091616,0.00025301688509821955,0.007871424048956095,1
2011.1.10,-0.01709791584742431,-0.008788161273160434,-0.006306756250848086,1
2011.1.17,0.007647459094986314,0.006802497597213209,0.006766562361039349,1
2011.1.24,0.005462266723808775,0.0010510149507973058,-0.0018339614528002644,0
2011.1.31,-0.027053919801933633,-0.004793237490016249,0.004783968538873333,1
2011.2.7,-0.013944937331695897,-0.010266297631686131,-0.006866021917661257,1
2011.2.14,-0.010427716961968099,-0.00701277384447763,-0.006469986452346041,1
2011.2.21,0.017222507650724778,0.0005221838357178914,-0.010358920166296137,0
2011.2.28,-0.0009622086856380744,0.003842564291379558,0.0003073610372884227,1
2011.3.7,0.012769178367331581,0.004681991191721105,0.002171761024957557,1
2011.3.14,0.019221332842641103,0.004878455897821271,-0.0014780763953689364,0
2011.3.21,-0.027040126327967977,-0.010769530342235316,-0.0032549222693082796,1
2011.3.28,-0.01416501750646988,-0.009236337692822004,-0.00606323303858746,1
2011.4.4,0.0031822036760456684,0.010372983659169211,0.004957911059868205,1
2011.4.11,0.00639225400362906,-0.006315023537672172,-0.008701960333426672,0
2011.4.18,-0.013412342386033012,-0.008047405431619806,-0.0059421153317313746,1
2011.4.25,-0.019612974622022005,-0.01616741813709952,-0.014749339381035825,1
2011.5.2,0.017167665241527897,0.004135594611825171,0.009003765638588838,1
2011.5.9,0.001813162214594884,0.0010878973287569303,-0.0006687660848236395,0
2011.5.16,0.0033638069324323314,0.0009468555880307867,-0.0017611371890121708,0
2011.5.23,0.0016275773099222758,-0.0018729638544740638,-0.0055228009666215185,0
2011.5.30,0.023243933588761048,0.012178013557323864,0.0040281256661639266,1
2011.6.6,0.0224433915825745,0.011001246217150323,0.004440282509598442,1
2011.6.13,-0.00040913310988369747,0.0004544326450058996,0.0030885885136640555,1
2011.6.20,0.0023987416437278447,0.0007381056347906218,0.0036322789269839723,1
2011.6.27,-0.056147266348693305,-0.021089934612365607,-0.0027166307042341777,1
2011.7.4,-0.0030828487612620135,-0.008715111244110396,-0.014453002980385396,0
2011.7.11,0.020583420151808196,0.009152894009379771,-0.001291166248329775,0
2011.7.18,-0.02194295439694856,-0.012460926823191177,-0.006653750999078093,1
2011.7.25,0.03921131284293171,0.01646588744097529,0.0036967432989383642,1
2011.8.1,0.07188844522858813,0.02682777659075216,0.007260665380385899,1
2011.8.8,0.017150527772682687,-0.003043016669723732,-0.014695843998983705,0
2011.8.15,0.04689474979004248,0.011685236970799689,-0.007651393615806409,0
2011.8.22,-0.047413064181641776,-0.01977239311781545,-0.004486211141547162,1
2011.8.29,0.0024048266485383477,-0.011542060463766884,-0.017005480114470672,0
2011.9.5,0.016814739729294623,0.005794365309969394,0.00145788731345872,1
2011.9.12,-0.053524860729663906,-0.026348603842957688,-0.007104717851047299,1
2011.9.19,0.06544354076035552,0.01401593200047812,0.006489508684281272,1
2011.9.26,0.00440854254111559,0.004672641817210999,0.005753723056638648,1
2011.10.3,-0.021247635714411944,-0.005761681865328382,-0.0006953167353283976,1
2011.10.10,-0.05982033129662635,-0.023447754333531363,-0.010518996995210196,1
2011.10.17,-0.011163010991523685,-0.0045571338120395846,0.0013093229632414563,1
2011.10.24,-0.037827579244902015,-0.01716234308883207,-0.012838934867749962,1
2011.10.31,0.024792037911741515,-0.001648549661372841,-0.011603882845452678,0
2011.11.7,-0.008474102918059646,-0.002689252169997462,-0.002369688694600267,1
2011.11.14,0.03813743719586962,0.01294270328137719,0.005724793735778291,1
2011.11.21,0.046872043762596155,0.024008604655794265,0.012857108881150641,1
2011.11.28,-0.07388643876168356,-0.038513681438828336,-0.02150420823722319,1
2011.12.5,-0.008768122930530172,-0.0005376265258457734,0.004619501080127012,1
2011.12.12,0.02830647153020656,0.00085244154396414,-0.0003462330905723088,0
2011.12.19,-0.03744486168276392,-0.010119465466226914,-0.0012491996664696775,1
2011.12.26,0.006109078264168255,0.008406187699241698,0.013459699700016986,1
2012.1.2,-0.01607029262086517,-0.002445773773418646,-0.0016070450359909377,1
2012.1.9,-0.00882760347782532,-0.012014119338603609,-0.009562080276636782,0
2012.1.16,-0.020394231589726235,-0.0008251275424243053,0.004701246910858509,1
2012.1.23,-0.000722224756344036,-0.0038336439728172784,-0.009411360106596106,0
2012.1.30,-0.021704283880182147,-0.009650922818530708,-0.0032496337014767448,1
2012.2.6,0.0016804223362331702,8.089636928237086e-05,-0.000249138894018846,0
2012.2.13,-0.013845855925638978,-0.006765493509122762,-0.003881105113641509,1
2012.2.20,-0.0033131799916252145,-0.004464688180733645,-0.008526543501247713,0
2012.2.27,-0.0028482727312666395,-0.0010935790233753814,0.0035121354629536767,1
2012.3.5,-0.0009053540007153623,0.003154784517906715,0.003311798524251127,1
2012.3.12,-0.024291143580354217,-0.00026675457745050334,0.011046045026438276,1
2012.3.19,0.005027881239451187,-0.0021445615789099375,-0.0034911328983435533,0
2012.3.26,-0.008131070567099318,0.002446198424071634,0.006544193623299258,1
2012.4.2,0.0073767989378546225,0.001830783336759811,0.001110879361708336,1
2012.4.9,0.019898718242160635,-0.00030895600071487,-0.008382852515283217,0
2012.4.16,-0.006035350955293142,-0.00424669923619391,-0.0010734252602482338,1
2012.4.23,-0.018011940255199328,-0.011431676253041518,-0.008254745628713851,1
2012.4.30,0.02441283776080264,0.0112182404585081,0.007648777940717548,1
2012.5.7,0.011474691403111394,0.0028662677012176617,0.003128618255674364,1
2012.5.14,0.04298095892536524,0.012322622792097507,9.01412501314852e-05,1
2012.5.21,-0.017448773181389963,-0.00750849410868595,-6.286883971307554e-05,1
2012.5.28,0.0301862166304958,-0.0024699255026868483,-0.01095983156529586,0
2012.6.4,-0.03726017965008929,-0.008455398570195411,0.004305393522893051,1
2012.6.11,-0.012959582396692844,-0.01100866641082985,-0.008588204453826099,1
2012.6.18,0.005823478597599071,0.00786726500112505,0.011839054359149684,1
2012.6.25,-0.020329283456427694,-0.012492337944158747,-0.012904548277965052,0
2012.7.2,0.005491278557585025,-0.0025962490657435154,-0.00433246601493735,0
2012.7.9,-0.001550181592700792,-0.006445348433124142,-0.008755122960243547,0
2012.7.16,-0.004333790297616496,-0.0048908969416336075,-0.007004389025829561,0
2012.7.23,-0.017106248073620673,-0.005708588701823645,-0.0006444838510485424,1
2012.7.30,-0.00362201202046219,0.00041858544431015504,0.0015469836152476528,1
2012.8.6,-0.010697416947641522,-0.0014909139367008575,0.0005203548384890639,1
2012.8.13,-0.00874191781601442,0.0062001904695989955,0.008688551791774546,1
2012.8.20,0.004957127545551963,-0.006391282385055545,-0.011462518126464283,0
2012.8.27,0.0032243662880104464,-0.005740656979961253,-0.008873040381457404,0
2012.9.3,-0.022280993615720505,-0.004389595445319326,0.00040160804398139613,1
2012.9.10,-0.019368254144875866,0.0046753438093708,0.008049976495078551,1
2012.9.17,0.0038341622491931825,-0.006657031608013076,-0.005522361067173508,0
2012.9.24,0.013341095092969912,0.0001496721615221342,-0.004464787670661909,0
2012.10.1,-0.014062901288983591,-0.00043774077339016684,0.004590924261377136,1
2012.10.8,0.02213658423059294,0.005723371551205348,-0.0008884287613211182,0
2012.10.15,-0.0032199581405442687,0.00489295093169719,0.00908742363358064,1
2012.10.22,0.014827064101759012,0.006481144121432763,0.0043777917099268775,1
2012.10.29,-0.0016006345878719994,-0.0009603807527231996,0.0022995609248285948,1
2012.11.5,0.024289350869749777,0.004070984865435773,-0.0076455376293152535,0
2012.11.12,0.014472587600101316,0.007513961916785909,0.003546239502188873,1
2012.11.19,-0.036231138041591886,-0.015033143466354534,-0.0064288006611932505,1
2012.11.26,-0.004988823049355975,-0.0050689053937351645,-0.0025220154760504116,1
2012.12.3,-0.0013345761132058584,-0.00021077516644854891,0.002345370471214723,1
2012.12.10,0.003166275289654255,0.005149395897573925,0.0045872033729939575,1
2012.12.17,-0.011722010781137372,-0.0028634372951902238,0.0025836047167380844,1
2012.12.24,0.019382582246617507,0.013435418422462566,0.007726785510147049,1
2012.12.31,-0.0456635981831535,-0.012885687254563287,0.0020348291538651916,1
2013.1.7,-0.0038050556779203985,-0.006361464779301283,-0.0064636442197040945,0
2013.1.14,-0.00946299378417857,-0.005988355276718316,-0.00558165846747447,1
2013.1.21,-0.011426802514165748,-0.000960038063968765,0.004286032922205065,1
2013.1.28,-0.006793261297705884,0.0031681377095654044,0.003283330397059982,1
2013.2.4,-0.0031457139647230585,-0.006378206245714309,-0.005724007981874156,0
2013.2.11,-0.0012253529477643237,0.0011680396191288357,0.00458590698913694,1
2013.2.18,0.0027569598431362585,6.0550407873821016e-05,0.0025459538216884093,1
2013.2.25,-0.001715492214304656,-0.007378501677789177,-0.006122023871560068,0
2013.3.4,-0.021723093136609153,-0.00022135588196548796,0.006797513471838615,1
2013.3.11,-0.006137263244755594,-0.006587926954117274,-0.006423934655796342,0
2013.3.18,0.002441212276542542,-0.0033429649417667942,-0.004430966533577398,0
2013.3.25,-0.007900365472191325,-0.0063237505580574374,-0.004751962441008468,1
2013.4.1,0.010138988905103959,-0.008427647666401375,-0.008308193856031074,0
2013.4.8,-0.02289992789451994,-0.011000230709314709,-3.820673654562857e-05,1
2013.4.15,0.021147370739843227,0.010236315164212447,0.011075548987592457,1
2013.4.22,-0.017354123131329374,-0.011935703124799114,-0.011989665771385776,0
2013.4.29,-0.020338254626352553,-0.005526169771259212,-0.000418640812384174,1
2013.5.6,-0.011942369395820154,-0.00037529818070194954,0.005421871635830971,1
2013.5.13,-0.0206708698047377,-0.007065002259608713,0.0029808294809183025,1
2013.5.20,0.010716834485777926,0.007384754629414286,0.004195086525282437,1
2013.5.27,0.011433074684772006,0.01483432646955539,0.013116687735124321,1
2013.6.3,-0.007751082330721084,-0.00139597079794446,8.523992887064433e-05,1
2013.6.10,0.01013155813019514,0.004438245788699505,0.0007691377168581378,1
2013.6.17,0.021085244631868814,0.030951800373892543,0.035108933283906366,1
2013.6.24,-0.008697399571723661,-0.011382823304678023,-0.005369398511994098,1
2013.7.1,-0.01594367109096803,0.0035872543437328024,0.008165321544688079,1
2013.7.8,-0.029597583170434254,-0.02298958739136251,-0.020641170418023436,1
2013.7.15,-0.007082532332652773,-0.009068796508025419,-0.009409139293600887,0
2013.7.22,0.0002600334497572985,0.004237652722915577,0.004363660390342582,1
2013.7.29,-0.010652321697750705,-0.0019240390667603618,0.0013762610066136475,1
2013.8.5,0.010674574625512525,0.0039720775294343515,0.0012648081358419914,1
2013.8.12,0.02104149176431646,0.02609639764926347,0.016588198268019768,1
2013.8.19,-0.00463211803144047,-0.005638966976147573,-0.005237420883471896,0
2013.8.26,0.018352870453862323,0.0056878535944114355,-0.0007767830290141597,0
2013.9.2,-0.013594860897628276,0.0013001762810377314,0.006158957109802728,1
2013.9.9,-0.019828778916969214,-0.01369098932327566,-0.002502765030906095,1
2013.9.16,-0.012985858920965215,-0.01279151535257915,-0.010715939156899786,1
2013.9.23,0.010620442011567907,0.0007285262298684283,-0.0032930736960471324,0
2013.9.30,0.0007388798581350672,0.0025302844366201878,0.003917022959012716,1
2013.10.7,-0.007512570245489527,-0.0034585910983426895,0.001199352007532477,1
2013.10.14,-0.02424847346171909,-0.019807629212877216,-0.015935676228175016,1
2013.10.21,-0.008753224419604461,-0.009404183786710745,-0.007912277403128432,1
2013.10.28,-0.001062638867579353,0.005869265994520865,0.010368245373496364,1
2013.11.4,-0.005091846234190754,0.006692498873932871,0.010609903241661917,1
2013.11.11,-0.01557090494236459,-0.01362443413401819,-0.010400299778879614,1
2013.11.18,-0.0036592554694190385,0.0009818518375012643,0.0038722861688348853,1
2013.11.25,-0.0005817948092820954,-0.0021284363161742014,-0.0020317184370028996,0
2013.12.2,0.000398713042900431,0.005553665381098934,0.006283896520572253,1
2013.12.9,0.01649225246386606,0.008818152196452513,0.004695509827486952,1
2013.12.16,-0.024220985512470993,-0.014532591307482596,-0.0058360496492194935,1
2013.12.23,-0.012693035329315058,0.0002624241023214619,0.0036642820701217214,1
2013.12.30,0.005446942543716846,0.002172275115271161,0.002048283068248555,1
2014.1.6,-0.006006432343000049,-0.011618431354798167,-0.0108346147370002,0
2014.1.13,0.001991999435509613,-0.0020190860529799414,-0.0035207174634059282,0
2014.1.20,0.026328384184478207,0.009065409607232493,-0.0013402132662953476,0
2014.1.27,0.0043009791709723265,0.00014156311233948357,9.253028165920633e-05,1
2014.2.3,-0.008094962947172409,-0.0007011336124592557,-0.001242171934688878,0
2014.2.10,-0.023155001057306054,-0.012843131867979455,-0.009369391921572833,1
2014.2.17,0.001294442057401494,0.00042578804145844765,-0.0014301774315426564,0
2014.2.24,-0.012634445200816908,-0.013890921283505032,-0.010196580381626085,1
2014.3.3,-0.009997579929549015,0.0026295797385604966,0.005204972213139929,1
2014.3.10,0.019653468509722827,0.0026210052680911977,-0.005523453569987016,0
2014.3.17,-0.013790443912162569,-0.006550128416263094,0.00144206037201951,1
2014.3.24,0.004768231789640663,-0.0006022643894190534,-0.0007209804736632796,0
2014.3.31,-0.004021274534081258,-9.331244053895158e-06,0.0015325771435624998,1
2014.4.7,0.026486657480335997,0.008292685334488275,-0.002413710484423596,0
2014.4.14,-0.027075106433366847,-0.013533199453240444,-0.003836593145735751,1
2014.4.21,0.0007775424296859362,-0.003629037682120152,-0.004214419229221681,0
2014.4.28,-0.009520231834281426,-0.010779706668136435,-0.007854692474955842,1
2014.5.5,0.0014140361695568016,0.005518980500733265,0.006140488559559882,1
2014.5.12,0.00033005408628258924,-0.007228127885783211,-0.008810448129665107,0
2014.5.19,-0.012072252457584736,-0.004260749983250101,-0.001308769582469159,1
2014.5.26,-0.012122934128900866,-0.0116143280900283,-0.004506217134096789,1
2014.6.2,-0.013448951688787058,-0.000472343763065838,0.004318798258270669,1
2014.6.9,0.006812212738017057,0.0024038259593085866,-0.0023217792643848256,0
2014.6.16,-0.013795347491942715,-0.00693605174747077,-0.0060270486390869545,1
2014.6.23,0.0009730649508117474,-0.0037895840740881912,-0.004351909069579913,0
2014.6.30,-0.012483681462141,-0.0001690774296972822,0.005518247500777861,1
2014.7.7,0.00900052381336133,-0.003752228084864544,-0.005933880713894053,0
2014.7.14,-0.005412768033665939,-0.006230262311500305,-0.00292520476468502,1
2014.7.21,-6.066059386715879e-05,-0.0029969226721097645,-0.0029955351639707247,0
2014.7.28,0.026886177300160654,0.018743951278055577,0.013036176281861501,1
2014.8.4,-0.003345193880996196,-0.0049652100015640235,-0.005180886932574738,0
2014.8.11,-0.012150611672249302,-0.013815652484589422,-0.009380035496669187,1
2014.8.18,-0.017053185068489022,-0.00862677460449628,-0.000840098460765752,1
2014.8.25,-0.007528666264333031,-0.009674331104288784,-0.009147017633308104,0
2014.9.1,-0.002166349700754302,0.008246729559022382,0.01193554180174748,1
2014.9.8,0.011042431426849532,0.014449419736305326,0.016045113421184774,1
2014.9.15,-0.012520523384066867,-0.010837334811820051,-0.005982420843393302,1
2014.9.22,0.01370374054914454,0.0036055914028585686,-0.0006535491128628103,0
2014.9.29,0.007539652520362014,-0.001344179147929483,-0.0007703363290884968,0
2014.10.6,0.03138879008079678,0.011122430674984082,-0.00015884736208255767,0
2014.10.13,0.010161951178566057,0.002945082448668408,-0.00016229093432357385,0
2014.10.20,-0.04124530941932198,-0.02005602067895836,-0.006328771304706597,1
2014.10.27,-0.02721701330564295,-0.014431473806170563,-0.0022780076643060193,1
2014.11.3,-0.006872971432818869,-0.006349538026622968,-0.0037754758647031966,1
2014.11.10,-0.0038879483444229416,-0.001384152405863215,0.0006733426234801326,1
2014.11.17,-0.011608867449088676,-0.008867063734112493,-0.006775551171097595,1
2014.11.24,-0.0019675308941119194,-0.008436039041199026,-0.0015862173211215874,1
2014.12.1,-0.003777399446690759,0.0014516083567725625,0.0037192764144941947,1
2014.12.8,0.03519372449250012,0.005791762451559483,-0.0040971923489528835,0
2014.12.15,-0.034120249908856266,-0.01324323428266315,0.0008579760381668554,1
2014.12.22,-0.008750875329002917,-0.0012627951360520868,0.003919346819606537,1
2014.12.29,0.014635407440742716,0.0004156364086749225,-0.002154050454518542,0
2015.1.5,0.0065056845787580765,-0.006718744032714795,-0.008517987485552434,0
2015.1.12,0.012416801561025167,0.0018329338560533473,-0.005934843405241287,0
2015.1.19,-0.01604421071396742,-0.01370815908144164,-0.007742323616704433,1
2015.1.26,0.02769736136698158,0.007094607296379422,-0.0034016531807373497,0
2015.2.2,-0.030315941433290288,0.0006969749567982027,0.011150966866582823,1
2015.2.9,-0.020199759665672563,-0.0038358321307645025,0.00038452662830158757,1
2015.2.16,-0.0063471928812251855,0.0010255211292709357,0.006604794272543325,1
2015.2.23,0.0027484243946359196,-0.0069136364947169,-0.010073432833769167,0
2015.3.2,0.015794725588025554,0.02624330241868356,0.027808159354679274,1
2015.3.9,0.008622770680648555,-0.0042013375916108335,-0.003873165436923817,0
2015.3.16,-0.026638745495276037,-0.030029048823883204,-0.02642408031348059,1
2015.3.23,0.022332906408614357,0.015169655349593407,0.00685258625469121,1
2015.3.30,-0.0028820681022018488,0.0009374258053455535,0.0016506927833651421,1
2015.4.6,-0.016981460695901184,-0.006609458073021664,-0.0034947947262590024,1
2015.4.13,0.009933113231782208,0.0008432388946749917,-0.0060771165328395065,0
2015.4.20,-0.017542932374902807,-0.003987869380365142,0.002678376279622079,1
2015.4.27,0.004438798879911644,0.016862675098339754,0.015607578935878776,1
2015.5.4,-0.0037044239644450933,0.002162623616634395,0.0023046291229965312,1
2015.5.11,-0.003133122253201696,0.0012871891975643798,-0.0012540694313639862,0
2015.5.18,-0.0015687346011974803,0.0032087991435113283,0.0070515211725264955,1
2015.5.25,0.00878150193315338,-0.0021504536788176636,-0.004058568615469344,0
2015.6.1,0.006909020162380929,0.01966401858990679,0.021871022649839974,1
2015.6.8,-0.0006116120277328785,-0.0016849243830317914,-0.0030243999357815925,0
2015.6.15,-0.007583173758780415,-0.008162383729816671,-0.007525428508807557,1
2015.6.22,0.004028455111161664,0.01511031960860095,0.016348568809790773,1
2015.6.29,0.011758323855930595,0.003357515321961737,-1.771400296447193e-05,0
2015.7.6,7.704234439868894e-05,0.0003792811934835027,0.00376851551979262,1
2015.7.13,-0.024087218653388674,-0.02245233119203321,-0.011863344725965196,1
2015.7.20,0.022095888349697074,0.004760800983674459,0.00391201438972001,1
2015.7.27,-0.0116317649604501,-0.010499058976270043,-0.006794679454140641,1
2015.8.3,0.012486691003118099,0.0020994690031396947,0.0010820117691057037,1
2015.8.10,-0.006724201831947804,-0.002782564917635062,-0.001859775996142888,1
2015.8.17,0.0576847681612591,0.027389510818262512,0.00884401100222142,1
2015.8.24,-0.00912278209336888,0.006862491114063495,0.008731012826844674,1
2015.8.31,0.03401428952118533,0.01849926583681619,0.00884495259605242,1
2015.9.7,-0.02073161845077603,-0.008321789756134635,-0.00043455796207678794,1
2015.9.14,0.0015399913311746167,-0.000996005201295246,-0.003290961533665506,0
2015.9.21,0.013631047532468887,0.009770985207379443,0.004550290056474402,1
2015.9.28,-0.010365859972868569,-0.016131586327446178,-0.013144306670584319,0
2015.10.5,-0.032556780911774455,-0.012357781495582601,-0.007093345911297944,1
2015.10.12,-0.009042677267741564,-0.01019129341386179,-0.007914772505242739,1
2015.10.19,-0.020677680991190932,-0.010208806396912351,0.00014209416212008098,1
2015.10.26,-0.0020287690046502838,0.0006769769555366018,0.002046686960745554,1
2015.11.2,-0.009541397353031552,0.005377461350274636,0.01536767614432198,1
2015.11.9,0.036280487804877984,0.019810707038554833,0.01168998006634479,1
2015.11.16,-0.0326884292945271,-0.02188578484944354,-0.01136944706660324,1
2015.11.23,-0.0004499394496379206,-0.0018841686738182305,-0.0005298599495331389,0
2015.11.30,-0.0007559410748716226,0.00018952217179727006,-1.757950050946394e-05,0
2015.12.7,0.03792148932203154,0.013413119036053033,0.0052175401292954135,1
2015.12.14,0.003389038795052568,0.003921700224317159,0.00578270317033888,1
2015.12.21,-0.027643289870608975,-0.0058349857800728995,0.0016251879881604976,1
2015.12.28,0.008272723302878583,0.008862902868810854,0.008356985230869345,1
2016.1.4,0.05964460796305179,0.027583319330743296,0.009147637519289608,1
2016.1.11,0.021695811199617096,0.005943531735847407,0.0029370884190588293,1
2016.1.18,-0.014130498369967062,-0.007214475957209276,-0.005953197763845281,1
2016.1.25,-0.01748387435104091,-0.016195554404602408,-0.015957025622420955,1
2016.2.1,0.031021935430668397,0.013613161258401032,0.002934697538533576,1
2016.2.8,0.008122124411584788,-0.0028427747357651764,-0.011846230486590618,0
2016.2.15,-0.028421583243063524,-0.015538945403824467,-0.005912425272369273,1
2016.2.22,-0.01578387510559083,-0.007646616856667553,-0.0036663939430145926,1
2016.2.29,-0.026662559995893356,-0.0111120398143299,-0.008575210558589605,1
2016.3.7,-0.011100055500277524,-0.0026414861595173943,-0.001600131801531172,1
2016.3.14,-0.013544721316987954,-0.013122929589568264,-0.01063316738785727,1
2016.3.21,0.006655022004508179,0.002759397165696452,0.004540015188851794,1
2016.3.28,-0.018094835800662172,-0.014853826922365043,-0.008204659332557936,1
2016.4.4,0.012147936587578175,0.0036357939160172477,-0.0046076278772765105,0
2016.4.11,-0.016179917952725196,-0.008802973396069525,-0.004496560113694741,1
2016.4.18,-0.0052145160592676175,0.006546271467991971,0.006947377526258272,1
2016.4.25,0.012564664033888135,0.004750262401742644,-0.005832688591231049,0
2016.5.2,0.003950999854742802,-0.0013217077794619872,-0.0012275740734352223,0
2016.5.9,0.005118757109384861,-0.0018067945148568924,-0.004599242413287612,0
2016.5.16,-0.002789979527120587,0.004651313488546897,0.006750502566566895,1
2016.5.23,-0.022774226241521683,-0.012746402615609225,-0.004250216225051402,1
2016.5.30,-3.3348260650083236e-05,-0.010449456809150838,-0.013752878566953026,0
2016.6.6,0.0014577467808091662,-0.003011749539885173,-0.007317290448969829,0
2016.6.13,0.0118555200923635,0.004448619235284869,0.000265595997583485,1
2016.6.20,0.01632371259450938,0.009794227556705627,0.0043604709432103,1
2016.6.27,-0.03216829209633787,-0.03224215172839094,-0.02569436066527848,1
2016.7.4,-0.012815330844765818,-0.016521107338768336,-0.010759873544073092,1
2016.7.11,-0.014949058641250616,0.0046891014006154915,0.011757734490180418,1
2016.7.18,-0.006147825362902301,-0.004265895794941996,1.9423037558874624e-05,1
2016.7.25,0.0006574621959238681,-0.0070983180714946645,-0.007609335253194045,0
2016.8.1,-0.004264814133235178,0.006493445324867954,0.008848360014232014,1
2016.8.8,-0.0005405727322288047,-0.005823620050335821,-0.008317066996416964,0
2016.8.15,8.241569561149746e-05,0.004046594313869414,0.0008771841557081854,1
2016.8.22,0.006790697248462559,0.005227987202718462,0.006105930352356803,1
2016.8.29,-0.0050437059713053034,-0.00418312886116349,0.00013518154904070597,1
2016.9.5,0.023931412214790993,0.022722221517771472,0.013945540326506602,1
2016.9.12,-0.005334122877512518,-0.0008440672463896882,0.003296306659425658,1
2016.9.19,-0.011934591147927318,-0.012494088022089716,-0.01177129692625024,1
2016.9.26,-0.0016538164818056752,-0.0033314711756331147,-0.004194630511800828,0
2016.10.3,0.006701194961882146,0.01390443790736184,0.015041398941870525,1
2016.10.10,0.009639046495862901,0.012340804946698088,0.00874878167199626,1
2016.10.17,-0.0038350101735599193,-0.007149490952620805,-0.007194346777891955,0
2016.10.24,0.006888789254422836,0.012516507085587814,0.011579393843020258,1
2016.10.31,0.019389487445977033,0.007352346901836966,0.003124453089945272,1
2016.11.7,-0.03801590270384331,0.005027069572852861,0.023402783957974717,1
2016.11.14,-0.008062094296472672,-0.00028441104942830003,0.002938872696181172,1
2016.11.21,-0.014414042806727997,-0.007990530947194706,-0.0024002809733304695,1
2016.11.28,0.009668601893058076,0.008766564760217048,0.0018496351775417882,1
2016.12.5,-0.030830995232555666,-0.011859592990155769,-0.0019948422369271196,1
2016.12.12,0.0006461520758742023,0.0024130077012207403,0.0045072612278075075,1
2016.12.19,-0.0025331367052393414,0.003908447069307571,0.006359971573493676,1
2016.12.26,0.011025757689538358,0.0028321356111434977,-0.0036112296762454855,0
2017.1.2,-0.017040150435718698,-0.014653391794650947,-0.011107870439713338,1
2017.1.9,0.0010276770107774972,-0.0010683137598351267,-0.003412315952211957,0
2017.1.16,0.0014639679245946292,0.0052407968621393545,0.004718458073100594,1
2017.1.23,-0.010293619100871352,-0.004819089187410032,-0.00039432421406907165,1
2017.1.30,-0.0011897031843081279,0.0006478802170746688,-0.0016000280317744354,0
2017.2.6,-0.008130859834074673,-0.010343930076362766,-0.01053547775736079,0
2017.2.13,-0.01513751565131037,-0.007397589424484657,-0.0021408029789930544,1
2017.2.20,-0.006881709454056845,-0.009543577279879121,-0.009231045833083876,0
2017.2.27,-0.006665709192595801,0.00401393007709695,0.009908778450565054,1
2017.3.6,0.004414381147403396,0.009803654242104758,0.01393540756721162,1
2017.3.13,-0.0023813537890921737,-0.005938786254374673,-0.008415663095120518,0
2017.3.20,0.01440975507200672,0.0017847895783670055,-0.0032654893783642747,0
2017.3.27,-0.00799494876236136,-0.004459701129254935,-0.004003888560289157,1
2017.4.3,0.0030388704543914797,0.0011482167874028346,-0.0015777903947604194,0
2017.4.10,0.011288282092428974,-0.001988614569310992,-0.009630884715971285,0
2017.4.17,-0.008475922626076231,-0.004755792652315101,0.0009621415250941765,1
2017.4.24,-0.015119066373169624,-0.005441076787598162,0.000766647586065541,1
2017.5.1,-0.006329167016189978,-0.0007999981281153236,0.00601059297895287,1
2017.5.8,0.0034968678233977023,0.0020981206940386215,-0.0006750342291995,0
2017.5.15,0.0038353757999080146,-0.004745754385827033,-0.010347511050687513,0
2017.5.22,-0.014313125333266216,-0.007598592429967936,-0.003077214806437565,1
2017.5.29,-0.009624061395302629,-0.013047164109908874,-0.0093342701300682,1
2017.6.5,0.002992944031946677,0.005691870315271935,0.006510219350261876,1
2017.6.12,-0.0005674878791991467,-0.005914263219322765,-0.004056820706118583,0
2017.6.19,-0.0021165978258636297,-0.005150314394790643,-0.002641652439416124,0
2017.6.26,0.006106713693967242,0.011670433340479625,0.008123751044385024,1
2017.7.3,-0.000730375792787841,0.006097722236745632,0.01007885459912283,1
2017.7.10,-0.01405668857569341,-0.010095142713522381,-0.00919054116548843,1
2017.7.17,-0.005395910168464618,-0.010516288863692522,-0.010654846222202951,0
2017.7.24,0.00017795465391866444,0.005630737049053065,0.0019598416773344515,1
2017.7.31,-0.0019133530196998579,-0.004442904727800134,-0.0028953873064951636,0
2017.8.7,0.01433687414961857,0.004026961091078312,-0.002456208289491661,0
2017.8.14,0.006459620205462611,0.003552670346217799,0.002288361516584313,1
2017.8.21,-0.007214858485704273,-0.006265961096265138,-0.004345073093464834,1
2017.8.28,-0.013712367737049999,-0.006942280079981031,-0.0060364831428468945,1
2017.9.4,0.006105267408289897,-0.003105574446242793,-0.007069349253744128,0
2017.9.11,-0.015763194565760627,-0.0028018153131489556,0.0028584873816025922,1
2017.9.18,-0.0007959267747366369,0.0014563681897913942,0.00338419208625823,1
2017.9.25,-0.0068499172734612975,0.0007483492310649343,0.003619458366744324,1
2017.10.2,-0.011895878318302982,-0.004186707318850645,0.0015431717713153068,1
2017.10.9,-0.0015062781201335823,-0.007840183057051276,-0.011650907606814857,0
2017.10.16,-0.008632405989417063,0.0006647122505055976,0.005705015289694063,1
2017.10.23,-0.0022755425771102656,0.0012705887865180276,0.000742601754496082,1
2017.10.30,-0.002622943197976026,-0.009533964923760747,-0.010485720203830057,0
2017.11.6,0.0021407815011747107,0.006162517681192642,0.004430479951043116,1
2017.11.13,0.001336018278279159,-0.005782751172950178,-0.007204366013393854,0
2017.11.20,-0.0091397328266476,-0.006455499615016937,-0.004025649224699845,1
2017.11.27,-0.01529345762790008,-0.009176074576740047,-0.0035679815041792145,1
2017.12.4,-0.003512198075860527,-0.002107318845516316,0.002566559188417937,1
2017.12.11,-0.009168395247972826,-0.01002446202762049,-0.007711194563156901,1
2017.12.18,-0.002814101150679682,0.008215692664224738,0.0070076689718228825,1
2017.12.25,0.003626077947632435,-0.004376359783427068,-0.009967519967751384,0
2018.1.1,-0.02600977704302421,-0.01141569700744222,-0.004083581974622585,1
2018.1.8,-0.01570821865373738,-0.005516136403968837,-0.0024921616745265758,1
2018.1.15,-0.008635293442058259,-0.00024696553891915326,0.003660531189203423,1
2018.1.22,-0.022264526918834182,-0.014357883511833376,-0.010698855415150305,1
2018.1.29,0.03854681903462384,0.03508822431113974,0.026802679601537777,1
2018.2.5,0.051619583437419646,0.03645120211724631,0.026162234091786255,1
2018.2.12,-0.043011204214464166,-0.028237278084234062,-0.019525803100846395,1
2018.2.19,-0.005519321284523348,-0.0012408421236044147,0.00040904435404204146,1
2018.2.26,0.02040184908819575,0.01085342515109608,0.006673835484131191,1
2018.3.5,-0.03541848583372045,-0.019522483030050743,-0.009265302227991531,1
2018.3.12,0.012402344100453225,0.0015386286824941586,-0.0018717695216301992,0
2018.3.19,0.05950196401902609,0.03467466001962776,0.012713792241831036,1
2018.3.26,-0.02032639688439325,-0.017656588983878275,-0.01004670362960623,1
2018.4.2,0.01378333655196965,0.010290203951383827,0.0072079061763623406,1
2018.4.9,-0.01990040200117505,-0.011263422249774419,-0.009490167165044389,1
2018.4.16,-0.005210254865790645,0.005348423351712053,0.007649503636383551,1
2018.4.23,8.613780550833223e-05,-0.0009872783556560175,3.211345842416696e-05,1
2018.4.30,0.002430793547347956,0.0004222066983569823,-0.0009823695696763125,0
2018.5.7,-0.024141892754428414,-0.014829666229745757,-0.008376622550484913,1
2018.5.14,0.005407446512105348,0.00978491541156612,0.00969116848294486,1
2018.5.21,-0.003081493713531712,-0.009547933848416512,-0.009350242756513357,0
2018.5.28,-0.004883641454729843,-0.005676965988717737,-0.0031704461404222467,1
2018.6.4,-0.01623991633206819,-0.007015902058405446,-0.0019014655084269932,1
2018.6.11,-0.00022669780462954855,-0.002539452159172589,0.0007024541567045163,1
2018.6.18,0.008914759359058212,0.004666261758779651,0.0011407987859590168,1
2018.6.25,0.013252845858984862,0.004544552489837265,-0.001276174197435395,0
2018.7.2,-0.0152481082413359,-0.012865081161017738,-0.007645787915492482,1
2018.7.9,-0.01503358914711821,-0.009020153488270925,-0.0010061734926449998,1
2018.7.16,-0.00018562743859122405,0.006248456172828514,0.008061439874099916,1
2018.7.23,-0.006063893955022338,0.0004432962800477954,0.0021627907098583136,1
2018.7.30,-0.0076379477937575805,-0.004239126064570707,-0.0011558526070121243,1
2018.8.6,0.0024891298607564944,-0.0029777172684127932,-0.0034974397981016557,0
2018.8.13,-0.00594717077027329,-0.004248574571007497,0.0005029552370849006,1
2018.8.20,-0.008617150796630309,-0.009244993364226097,-0.01067027298927653,0
2018.8.27,-0.009333180273351189,-0.0012301602648510223,0.0014806336187693473,1
2018.9.3,0.010284264799139811,0.01126826491176937,0.010257580798006947,1
2018.9.10,-0.011595999554267948,-0.004892195257517783,-0.0014272323328761664,1
2018.9.17,-0.00849919792907354,9.079266124101e-05,0.0015715793151339411,1
2018.9.24,0.005355551990497242,0.0028627615185753026,-0.0003308190977977219,0
2018.10.1,0.009749552158902894,0.019159713782206916,0.01563519899988004,1
2018.10.8,0.041045616637267524,0.020279543895403953,0.008413112914379078,1
2018.10.15,-0.00023490042029109256,0.002368020321302057,0.0030134939499948704,1
2018.10.22,0.039414259803886194,0.019320332257444395,0.006997591408471723,1
2018.10.29,-0.02421117166724962,-0.005249272135050874,0.005740098165437896,1
2018.11.5,-0.02128120570240842,-0.016786988261627743,-0.007327337206810252,1
2018.11.12,0.0160876803751156,0.005312644391434668,-0.00027722602908337144,0
2018.11.19,0.037901961429244936,0.02131004984502457,0.011472586512214425,1
2018.11.26,-0.04847372899383115,-0.029797249874017034,-0.016011842919469173,1
2018.12.3,0.0460442653894507,0.016594530763919514,-0.001460699757790045,0
2018.12.10,0.012582223099943834,0.007895654206286701,0.006656217547638688,1
2018.12.17,0.07051289447873996,0.034335466323292485,0.015994692838124484,1
2018.12.24,-0.02860193162350717,-0.01818070018056143,-0.008154662237434994,1
2018.12.31,-0.018586014627435,-0.014541439284935564,-0.014456090364345284,1
2019.1.7,-0.025403445579279194,-0.01120845390218933,-0.006455949844668611,1
2019.1.14,-0.028675864512799108,-0.012451698673723647,-0.004553610618601367,1
2019.1.21,0.002227871989096464,-0.0017560603116967557,-0.002954453992812376,0
2019.1.28,-0.015674957594680187,-0.011451010362434667,-0.008923512911972591,1
2019.2.4,-0.000498793658300447,-0.004370523014318725,-0.0035511263437534592,0
2019.2.11,-0.025008493729411864,-0.013661687337563124,-0.008712842859182706,1
2019.2.18,-0.006150021616947746,-0.002342076997127395,-0.0022416076754699023,1
2019.2.25,-0.003946044466406694,0.0060854586963182845,0.011136436890223712,1
2019.3.4,0.021621505943952395,0.0036464786959051303,-0.003885565422817578,0
2019.3.11,-0.028949315912462987,-0.017707142290093816,-0.011366942962734258,1
2019.3.18,0.007713075026218071,-0.005152930700963962,-0.0093364011413636,0
2019.3.25,-0.012029092622942059,-0.011826509071707583,-0.007234073909158345,1
2019.4.1,-0.02058283940163692,-0.0055148785799569566,-0.0007478030021538557,1
2019.4.8,-0.005071316468123673,0.001261845880715227,0.0024562892078713156,1
2019.4.15,0.0008185979961545343,-0.00017829726925293137,0.00095796940214341,1
2019.4.22,-0.011996433771768246,-0.009537041549610605,-0.0065109887885909,1
2019.4.29,-0.0019592636434139364,-0.0011755581860483618,0.0008475007612836193,1
2019.5.6,0.021808503415216993,0.009762842912917524,0.003499620215917017,1
2019.5.13,0.007590060387311685,0.0006001647332107597,-0.0030103346284397503,0
2019.5.20,0.01170472070585035,0.0018026040385183623,-6.630043310707374e-05,0
2019.5.27,0.026184865147944488,0.0034725938069631243,-0.003890028689166391,0
2019.6.3,-0.0440688066393902,-0.026753783983634115,-0.015878168500062708,1
2019.6.10,-0.004747088753854355,-0.0019114851024296733,-0.00039639095281820014,1
2019.6.17,-0.02198837539574227,-0.01319302523744536,-0.012269595895699316,1
2019.6.24,0.0029486927462157825,-0.001986652896871501,-0.0047066473161815475,0
2019.7.1,-0.01653771891656683,-0.00930247631118042,-0.002687454260071493,1
2019.7.8,-0.007811637869054788,0.0018347564090019364,0.0018010968136059498,1
2019.7.15,0.012330071637848891,0.0032938598730013384,0.0013446214343282308,1
2019.7.22,-0.01654566772267781,-0.00898990063360665,-0.0034475697344070622,1
2019.7.29,0.03100275624120083,0.0032531807611652815,-0.007374653043576027,0
2019.8.5,0.0045701812724885625,-0.0072126423677285854,-0.01061539864706739,0
2019.8.12,0.01026844602812953,-0.010615974325727147,-0.014940932345111927,0
2019.8.19,0.01439065593973708,0.009481851190960873,0.004925758975118599,1
2019.8.26,-0.027870366792993564,-0.02011924767664537,-0.01220729041874915,1
2019.9.2,-0.01785433595538637,-0.007344180520600265,-0.0022235823324214315,1
2019.9.9,-0.009628329041766347,0.01941762394790553,0.02575553166174709,1
2019.9.16,0.005094118155609917,-0.011747154484277562,-0.017564925294790094,0
2019.9.23,0.010120084088941836,0.003450054823357822,0.0017226547887153512,1
2019.9.30,0.0033020572018947142,-0.007280704897387058,-0.008408420819097782,0
2019.10.7,-0.006185615902385074,0.010998672891383704,0.014106164207354367,1
2019.10.14,-0.005363148804654067,-0.0005747174766250434,0.001118208241448464,1
2019.10.21,-0.012172660906838245,-0.00405156402377776,-0.002113175176267105,1
2019.10.28,-0.014676349440042239,-0.015065124120061137,-0.011725871274298208,1
2019.11.4,-0.008533018575699996,0.010727584305790596,0.017027515687414806,1
2019.11.11,-0.008852018053202668,-0.01325620701221189,-0.011932897967388898,0
2019.11.18,0.0032591348711408165,-0.004037028440611422,-0.0048956366604165046,0
2019.11.25,-0.009867247105575383,-0.007101160071463285,-0.0024836687964680964,1
2019.12.2,-0.001569573827276785,0.004356268948667034,0.0032590935959741743,1
2019.12.9,-0.007276114065564599,-0.0061553776115982825,-0.00579950494737809,1
2019.12.16,-0.01654253976268607,-0.0025016188835953095,0.002261649449267501,1
2019.12.23,-0.005836298048565507,-0.005317209994040929,-0.0069556794161173855,0
2019.12.30,0.001595669162536056,-0.0038618756109121063,-0.007212928074738426,0
2020.1.6,-0.009428567012380791,-0.0035738068740951323,0.0012698049962301765,1
2020.1.13,-0.0196824230174407,-0.010612744760352252,-0.004233498225384711,1
2020.1.20,0.010256425658183244,-0.004948920299013512,-0.006089873125092871,0
2020.1.27,0.02122610735342753,0.0025166863098666954,-0.002756154446488597,0
2020.2.3,-0.031681713336144265,-0.015592657894924963,-0.004263370434725182,1
2020.2.10,-0.015761589801995914,-0.009456953881197548,-0.007036073281758604,1
2020.2.17,0.012546743349427203,-0.001947905174837579,-0.010364797779314441,0
2020.2.24,0.11490674855816049,0.04958921042521889,0.023354545259628164,1
2020.3.2,-0.006143753681174757,-0.032315014750510886,-0.03531530300181244,0
2020.3.9,0.08792646945030394,0.08072092536556312,0.07265193098371628,1
2020.3.16,0.1497960177350222,0.0863876777551073,0.050399104036764515,1
2020.3.23,-0.10262829078666492,-0.08606133907612404,-0.06408897316433089,1
2020.3.30,0.020783247490625392,0.010463678901898699,-0.0003366261627819633,0
2020.4.6,-0.12101741908263519,-0.06512448763173954,-0.03369268210017588,1
2020.4.13,-0.030374719515954354,-0.02407352846736029,-0.011669750355992027,1
2020.4.20,0.013156796170544419,0.0008765338426775897,0.0027058368975220563,1
2020.4.27,0.002125679477146212,0.007186737735548773,0.003824774560497054,1
2020.5.4,-0.035005352014159045,-0.01250321120849543,-0.008728820072225928,1
2020.5.11,0.022561266980681397,0.007661919830809848,-0.002834930837159323,0
2020.5.18,-0.03203897056255893,-0.016202614559058304,-0.00887155057887419,1
2020.5.25,-0.030066487336953808,-0.013981553784543872,-0.007280828363770068,1
2020.6.1,-0.049147425853477436,-0.012063727773457381,0.0020406856949964176,1
2020.6.8,0.04778439101670979,0.013131451756710395,-0.0023112693350352815,0
2020.6.15,-0.01855450447340121,-0.011132702684040726,-0.009356650472058622,1
2020.6.22,0.02863055001388096,0.010730876752364681,0.0027795776409817704,1
2020.6.29,-0.04019873381964408,-0.02310401186539053,-0.014839534778894431,1
