Date,Open,High,Low,Close,Adj Close,Volume
1996.7.1,382,382,382,382,,
1996.7.8,384,384,384,384,,
1996.7.15,385,385,385,385,,
1996.7.22,386,386,386,386,,
1996.7.29,385,388,384,388,,
1996.8.5,388,391,388,388,,
1996.8.12,388,389,386,386,,
1996.8.19,386,389,386,388,,
1996.8.26,389,390,389,387,,
1996.9.2,386,386,386,385,,
1996.9.9,386,386,383,382,,
1996.9.16,383,383,383,381,,
1996.9.23,382,382,379,380,,
1996.9.30,380,381,377,380,,
1996.10.7,380,382,380,381,,
1996.10.14,381,382,380,380,,
1996.10.21,384,384,383,383,,
1996.10.28,384,384,383,378,,
1996.11.4,379,379,379,380,,
1996.11.11,381,381,381,381,,
1996.11.18,376,376,376,376,,
1996.11.25,375,375,373,373,,
1996.12.2,371,374,366,369,,
1996.12.9,369,370,368,369,,
1996.12.16,369,371,368,369,,
1996.12.23,370,371,369,370,,
1996.12.30,361,361,361,361,,
1997.1.6,359,359,359,359,,
1997.1.13,354,354,354,356,,
1997.1.20,353,353,353,353,,
1997.1.27,352,352,344,345,,
1997.2.3,345,348,340,343,,
1997.2.10,343,348,339,346,,
1997.2.17,348,355,347,354,,
1997.2.24,355,360,354,365,,
1997.3.3,350,350,350,350,,
1997.3.10,353,353,353,353,,
1997.3.17,353,353,353,353,,
1997.3.24,346,352,346,350,,
1997.3.31,351,352,347,349,,
1997.4.7,348,350,345,347,,
1997.4.14,347,347,337,342,,
1997.4.21,343,344,341,342,,
1997.4.28,342,342,340,340,,
1997.5.5,342,342,342,348,,
1997.5.12,344,344,344,344,,
1997.5.19,343,343,340,343,,
1997.5.26,346,348,344,345,,
1997.6.2,345,345,339,343,,
1997.6.9,344,344,341,341,,
1997.6.16,341,343,337,338,,
1997.6.23,337,339,337,335,,
1997.6.30,332,332,332,324,,
1997.7.7,322,322,322,322,,
1997.7.14,320,320,320,329,,
1997.7.21,326,326,326,326,,
1997.7.28,326,330,323,325,,
1997.8.4,324,327,317,326,,
1997.8.11,327,329,323,326,,
1997.8.18,326,327,321,326,,
1997.8.25,325,326,324,325,,
1997.9.1,323,323,323,323,,
1997.9.8,325,325,325,324,,
1997.9.15,321,321,321,321,,
1997.9.22,327,327,327,327,,
1997.9.29,328,338,327,335,,
1997.10.6,334,334,327,329,,
1997.10.13,328,328,323,324,,
1997.10.20,323,324,311,307,,
1997.10.27,312,314,310,311,,
1997.11.3,310,310,310,310,,
1997.11.10,313,313,309,304,,
1997.11.17,306,306,306,306,,
1997.11.24,304,304,295,297,,
1997.12.1,296,298,286,288,,
1997.12.8,288,289,282,283,,
1997.12.15,284,290,283,290,,
1997.12.22,292,297,291,295,,
1997.12.29,293,294,293,289,,
1998.1.5,279,279,279,279,,
1998.1.12,291,291,291,291,,
1998.1.19,300,300,300,300,,
1998.1.26,306,307,301,303,,
1998.2.2,302,306,295,299,,
1998.2.9,301,302,299,301,,
1998.2.16,300,301,298,298,,
1998.2.23,297,300,291,299,,
1998.3.2,296,296,293,295,,
1998.3.9,294,294,294,295,,
1998.3.16,296,296,296,292,,
1998.3.23,303,303,303,303,,
1998.3.30,303,309,299,308,,
1998.4.6,309,315,306,308,,
1998.4.13,309,311,307,308,,
1998.4.20,308,316,308,313,,
1998.4.27,310,312,308,303,,
1998.5.4,300,300,300,300,,
1998.5.11,301,301,301,301,,
1998.5.18,300,300,300,300,,
1998.5.25,294,294,291,292,,
1998.6.1,292,293,287,291,,
1998.6.8,292,299,285,285,,
1998.6.15,285,300,285,299,,
1998.6.22,295,296,293,294,,
1998.6.29,294,294,294,294,,
1998.7.6,294,294,294,291,,
1998.7.13,295,295,295,295,,
1998.7.20,291,291,291,291,,
1998.7.27,290,291,286,286,,
1998.8.3,286,290,284,287,,
1998.8.10,287,287,282,284,,
1998.8.17,283,288,283,285,,
1998.8.24,285,286,276,275,,
1998.8.31,276,276,276,287,,
1998.9.7,294,294,294,294,,
1998.9.14,287,287,287,291,,
1998.9.21,288,288,287,294,,
1998.9.28,296,302,293,301,,
1998.10.5,299,303,295,296,,
1998.10.12,297,300,296,300,,
1998.10.19,298,298,292,293,,
1998.10.26,292,294,292,293,,
1998.11.2,293,293,293,293,,
1998.11.9,294,294,294,296,,
1998.11.16,296,296,296,296,,
1998.11.23,296,297,296,297,,
1998.11.30,296,296,291,292,,
1998.12.7,292,296,290,291,,
1998.12.14,291,295,289,289,,
1998.12.21,289,290,286,286,,
1998.12.28,287,288,286,288,,
1999.1.4,289,289,289,291,,
1999.1.11,287,287,287,287,,
1999.1.18,287,287,287,286,,
1999.1.25,288,288,282,286,,
1999.2.1,287,292,287,290,,
1999.2.8,290,291,288,291,,
1999.2.15,289,290,286,290,,
1999.2.22,290,293,286,288,,
1999.3.1,285,285,285,289,,
1999.3.8,293,293,291,293,,
1999.3.15,284,284,284,284,,
1999.3.22,285,285,281,280,,
1999.3.29,280,281,278,280,,
1999.4.5,280,282,278,282,,
1999.4.12,284,285,281,284,,
1999.4.19,285,285,283,284,,
1999.4.26,281,285,281,287,,
1999.5.3,285,285,285,283,,
1999.5.10,279,279,279,276,,
1999.5.17,273,274,273,273,,
1999.5.24,270,272,268,270,,
1999.5.31,267,269,265,266,,
1999.6.7,266,268,259,262,,
1999.6.14,261,262,259,260,,
1999.6.21,260,263,259,260,,
1999.6.28,261,262,261,264,,
1999.7.5,257,257,257,258,,
1999.7.12,256,256,253,254,,
1999.7.19,255,255,255,255,,
1999.7.26,254,258,254,257,,
1999.8.2,257,260,255,257,,
1999.8.9,258,263,257,262,,
1999.8.16,261,263,259,258,,
1999.8.23,258,258,253,254,,
1999.8.30,254,256,254,254,,
1999.9.6,254,254,254,256,,
1999.9.13,255,255,255,255,,
1999.9.20,262,262,262,268,,
1999.9.27,306,320,296,304,,
1999.10.4,312,328,311,320,,
1999.10.11,319,323,314,315,,
1999.10.18,316,316,302,302,,
1999.10.25,301,301,296,299,,
1999.11.1,291,294,291,290,,
1999.11.8,290,290,290,291,,
1999.11.15,295,295,295,295,,
1999.11.22,300,300,300,299,,
1999.11.29,297,297,280,280,,
1999.12.6,281,285,275,279,,
1999.12.13,280,283,279,283,,
1999.12.20,284,288,282,287,,
1999.12.27,287,291,287,289,,
2000.1.3,281,283,281,282,,
2000.1.10,284,284,284,284,,
2000.1.17,289,289,289,289,,
2000.1.24,288,288,281,283,,
2000.1.31,283,315,282,310,,
2000.2.7,313,322,295,311,,
2000.2.14,311,311,302,305,,
2000.2.21,304,305,297,293,,
2000.2.28,292,293,292,289,,
2000.3.6,289,289,289,289,,
2000.3.13,284,284,284,284,,
2000.3.20,285,285,285,285,,
2000.3.27,275,280,275,278,,
2000.4.3,278,290,276,280,,
2000.4.10,283,285,279,283,,
2000.4.17,283,283,280,280,,
2000.4.24,281,281,274,273,,
2000.5.1,279,279,279,279,,
2000.5.8,276,276,276,276,,
2000.5.15,273,273,273,274,,
2000.5.22,272,272,272,272,,
2000.5.29,272,283,271,281,,
2000.6.5,283,293,276,284,,
2000.6.12,285,292,284,289,,
2000.6.19,288,288,285,283,,
2000.6.26,284,284,284,290,,
2000.7.3,283,283,283,283,,
2000.7.10,281,281,281,281,,
2000.7.17,280,280,280,280,,
2000.7.24,279,279,277,278,,
2000.7.31,278,279,272,273,,
2000.8.7,274,274,271,275,,
2000.8.14,275,279,274,277,,
2000.8.21,276,276,271,274,,
2000.8.28,274,275,274,277,,
2000.9.4,273,273,273,273,,
2000.9.11,272,272,272,272,,
2000.9.18,272,272,272,272,,
2000.9.25,278,278,272,274,,
2000.10.2,273,274,270,269,,
2000.10.9,269,275,269,272,,
2000.10.16,271,271,271,271,,
2000.10.23,272,272,266,264,,
2000.10.30,265,265,265,265,,
2000.11.6,265,265,265,265,,
2000.11.13,265,265,265,266,,
2000.11.20,266,266,266,266,,
2000.11.27,270,272,266,269,,
2000.12.4,271,276,270,272,,
2000.12.11,271,271,268,270,,
2000.12.18,270,274,269,274,,
2000.12.25,273,275,273,272,,
2001.1.1,268,268,268,268,,
2001.1.8,264,264,264,264,,
2001.1.15,264,264,264,264,,
2001.1.22,263,263,263,263,,
2001.1.29,263,269,263,267,,
2001.2.5,265,266,259,260,,
2001.2.12,263,263,255,258,,
2001.2.19,255,260,255,261,,
2001.2.26,262,267,262,262,,
2001.3.5,260,260,259,271,,
2001.3.12,257,257,257,258,,
2001.3.19,262,262,262,262,,
2001.3.26,260,260,257,258,,
2001.4.2,257,261,255,260,,
2001.4.9,261,261,257,260,,
2001.4.16,261,265,260,265,,
2001.4.23,264,265,262,264,,
2001.4.30,266,266,266,266,,
2001.5.7,268,268,268,268,,
2001.5.14,287,287,287,287,,
2001.5.21,278,278,278,278,,
2001.5.28,274,275,264,266,,
2001.6.4,265,274,265,273,,
2001.6.11,271,276,267,271,,
2001.6.18,272,274,271,272,,
2001.6.25,271,277,271,271,,
2001.7.2,264,264,264,266,,
2001.7.9,267,267,267,267,,
2001.7.16,270,270,270,270,,
2001.7.23,267,267,267,267,,
2001.7.30,267,269,264,268,,
2001.8.6,267,276,266,274,,
2001.8.13,275,281,273,279,,
2001.8.20,277,277,277,273,,
2001.8.27,273,274,272,274,,
2001.9.3,273,273,273,273,,
2001.9.10,290,290,290,290,,
2001.9.17,290,290,290,292,,
2001.9.24,289,294,289,292,,
2001.10.1,292,293,290,291,,
2001.10.8,293,293,274,285,,
2001.10.15,283,283,279,280,,
2001.10.22,277,277,277,278,,
2001.10.29,279,281,279,280,,
2001.11.5,281,281,277,277,,
2001.11.12,275,275,275,275,,
2001.11.19,273,273,273,273,,
2001.11.26,274,276,273,274,,
2001.12.3,274,277,273,274,,
2001.12.10,273,279,271,278,,
2001.12.17,278,281,276,278,,
2001.12.24,278,281,277,277,,
2001.12.31,277,277,277,279,,
2002.1.7,279,279,277,287,,
2002.1.14,283,283,283,283,,
2002.1.21,279,279,279,279,,
2002.1.28,282,288,281,286,,
2002.2.4,286,308,285,304,,
2002.2.11,304,304,297,298,,
2002.2.18,297,297,291,293,,
2002.2.25,292,298,292,298,,
2002.3.4,298,298,298,290,,
2002.3.11,290,290,290,290,,
2002.3.18,297,297,297,297,,
2002.3.25,303,305,301,303,,
2002.4.1,303,307,299,300,,
2002.4.8,299,303,298,302,,
2002.4.15,303,306,298,302,,
2002.4.22,304,313,303,312,,
2002.4.29,312,312,312,312,,
2002.5.6,308,308,308,311,,
2002.5.13,311,311,307,311,,
2002.5.20,320,320,320,320,,
2002.5.27,325,329,324,327,,
2002.6.3,327,330,320,325,,
2002.6.10,323,324,316,319,,
2002.6.17,318,325,317,325,,
2002.6.24,327,327,318,314,,
2002.7.1,315,315,311,311,,
2002.7.8,313,313,313,316,,
2002.7.15,321,321,318,324,,
2002.7.22,303,303,303,303,,
2002.7.29,301,308,298,307,,
2002.8.5,308,316,305,314,,
2002.8.12,314,318,311,314,,
2002.8.19,313,313,305,307,,
2002.8.26,311,313,309,312,,
2002.9.2,313,320,313,320,,
2002.9.9,319,319,319,317,,
2002.9.16,322,322,322,322,,
2002.9.23,320,321,319,320,,
2002.9.30,321,324,320,322,,
2002.10.7,322,322,317,316,,
2002.10.14,318,318,312,313,,
2002.10.21,313,314,310,313,,
2002.10.28,314,318,314,319,,
2002.11.4,322,322,322,321,,
2002.11.11,318,318,318,321,,
2002.11.18,317,317,317,321,,
2002.11.25,317,319,317,317,,
2002.12.2,318,328,316,326,,
2002.12.9,326,336,323,333,,
2002.12.16,334,349,333,341,,
2002.12.23,345,351,342,349,,
2002.12.30,350,350,341,351,,
2003.1.6,351,354,346,355,,
2003.1.13,352,352,350,357,,
2003.1.20,361,367,359,368,,
2003.1.27,371,372,363,368,,
2003.2.3,368,389,368,370,,
2003.2.10,370,372,349,352,,
2003.2.17,348,355,342,352,,
2003.2.24,354,359,352,350,,
2003.3.3,351,351,351,351,,
2003.3.10,343,343,343,337,,
2003.3.17,343,343,336,326,,
2003.3.24,329,333,328,332,,
2003.3.31,332,338,323,325,,
2003.4.7,321,327,319,328,,
2003.4.14,326,328,323,327,,
2003.4.21,330,337,330,333,,
2003.4.28,335,339,333,341,,
2003.5.5,348,348,348,349,,
2003.5.12,355,355,355,355,,
2003.5.19,369,369,369,369,,
2003.5.26,365,370,360,365,,
2003.6.2,362,370,360,364,,
2003.6.9,363,366,351,357,,
2003.6.16,359,365,356,356,,
2003.6.23,356,357,343,345,,
2003.6.30,351,351,351,351,,
2003.7.7,344,344,344,345,,
2003.7.14,347,347,347,347,,
2003.7.21,363,363,363,363,,
2003.7.28,361,362,346,346,,
2003.8.4,347,358,346,356,,
2003.8.11,360,366,357,363,,
2003.8.18,360,367,357,363,,
2003.8.25,364,375,361,376,,
2003.9.1,375,375,375,378,,
2003.9.8,378,378,378,376,,
2003.9.15,382,382,382,382,,
2003.9.22,381,381,381,381,,
2003.9.29,381,389,368,369,,
2003.10.6,372,378,369,374,,
2003.10.13,371,376,370,372,,
2003.10.20,374,394,373,389,,
2003.10.27,388,389,381,385,,
2003.11.3,383,383,383,383,,
2003.11.10,396,396,396,398,,
2003.11.17,394,396,394,396,,
2003.11.24,391,402,391,397,,
2003.12.1,397,407,397,406,,
2003.12.8,407,412,403,409,,
2003.12.15,402,413,402,409,,
2003.12.22,410,413,410,412,,
2003.12.29,414,416,413,416,,
2004.1.5,423,423,423,426,,
2004.1.12,426,428,423,407,,
2004.1.19,408,408,408,408,,
2004.1.26,412,412,397,402,,
2004.2.2,403,407,394,404,,
2004.2.9,404,416,404,410,,
2004.2.16,414,416,395,398,,
2004.2.23,399,405,393,396,,
2004.3.1,398,401,391,401,,
2004.3.8,400,402,399,395,,
2004.3.15,402,412,402,413,,
2004.3.22,416,422,416,422,,
2004.3.29,417,432,417,422,,
2004.4.5,422,424,414,420,,
2004.4.12,421,422,397,401,,
2004.4.19,405,405,390,395,,
2004.4.26,397,399,380,387,,
2004.5.3,392,392,377,379,,
2004.5.10,377,377,377,377,,
2004.5.17,385,385,385,385,,
2004.5.24,395,396,393,394,,
2004.5.31,395,399,386,391,,
2004.6.7,392,395,383,386,,
2004.6.14,384,396,383,395,,
2004.6.21,395,404,393,403,,
2004.6.28,403,405,394,398,,
2004.7.5,398,398,398,408,,
2004.7.12,407,407,407,407,,
2004.7.19,391,391,391,391,,
2004.7.26,389,392,385,391,,
2004.8.2,394,402,389,400,,
2004.8.9,399,401,393,399,,
2004.8.16,399,413,399,413,,
2004.8.23,411,412,403,403,,
2004.8.30,405,408,405,401,,
2004.9.6,398,402,397,402,,
2004.9.13,405,405,404,406,,
2004.9.20,404,404,404,408,,
2004.9.27,411,419,411,420,,
2004.10.4,415,425,412,423,,
2004.10.11,422,422,410,419,,
2004.10.18,419,425,417,425,,
2004.10.25,429,430,424,429,,
2004.11.1,434,434,434,434,,
2004.11.8,434,434,434,438,,
2004.11.15,447,447,447,447,,
2004.11.22,449,449,449,449,,
2004.11.29,451,457,447,456,,
2004.12.6,454,456,433,434,,
2004.12.13,437,443,435,442,,
2004.12.20,443,444,439,442,,
2004.12.27,444,446,439,438,,
2005.1.3,431,431,419,419,,
2005.1.10,422,422,422,423,,
2005.1.17,422,422,422,427,,
2005.1.24,426,428,424,426,,
2005.1.31,426,427,414,414,,
2005.2.7,414,422,410,421,,
2005.2.14,420,428,420,427,,
2005.2.21,427,436,427,435,,
2005.2.28,436,436,433,434,,
2005.3.7,446,446,446,446,,
2005.3.14,439,439,439,439,,
2005.3.21,425,425,425,425,,
2005.3.28,426,429,425,426,,
2005.4.4,426,429,423,427,,
2005.4.11,426,430,423,425,,
2005.4.18,424,436,424,434,,
2005.4.25,433,438,433,435,,
2005.5.2,426,426,426,426,,
2005.5.9,420,420,420,420,,
2005.5.16,417,417,417,417,,
2005.5.23,418,420,418,420,,
2005.5.30,418,426,413,424,,
2005.6.6,424,429,422,427,,
2005.6.13,428,439,427,438,,
2005.6.20,440,443,438,441,,
2005.6.27,441,441,436,428,,
2005.7.4,424,424,424,423,,
2005.7.11,421,421,421,421,,
2005.7.18,425,425,425,425,,
2005.7.25,425,431,424,430,,
2005.8.1,430,439,429,437,,
2005.8.8,437,450,433,446,,
2005.8.15,441,443,438,437,,
2005.8.22,437,440,437,437,,
2005.8.29,439,443,437,444,,
2005.9.5,445,445,445,449,,
2005.9.12,460,460,460,460,,
2005.9.19,468,468,468,464,,
2005.9.26,470,474,468,469,,
2005.10.3,468,476,464,475,,
2005.10.10,475,479,467,469,,
2005.10.17,473,475,461,467,,
2005.10.24,466,476,465,473,,
2005.10.31,471,471,455,456,,
2005.11.7,459,459,459,468,,
2005.11.14,486,486,486,486,,
2005.11.21,492,492,492,492,,
2005.11.28,502,507,491,503,,
2005.12.5,505,531,504,527,,
2005.12.12,527,539,495,503,,
2005.12.19,510,510,490,503,,
2005.12.26,509,517,506,517,,
2006.1.2,519,534,519,540,,
2006.1.9,556,556,556,556,,
2006.1.16,552,552,551,554,,
2006.1.23,555,555,555,559,,
2006.1.30,559,575,558,567,,
2006.2.6,568,574,546,550,,
2006.2.13,549,553,536,552,,
2006.2.20,551,560,548,559,,
2006.2.27,556,570,553,566,,
2006.3.6,555,555,540,540,,
2006.3.13,541,543,541,554,,
2006.3.20,560,560,560,560,,
2006.3.27,573,590,571,582,,
2006.4.3,582,598,582,588,,
2006.4.10,589,604,589,597,,
2006.4.17,605,642,605,632,,
2006.4.24,634,640,620,652,,
2006.5.1,658,669,658,682,,
2006.5.8,679,723,679,710,,
2006.5.15,657,657,657,657,,
2006.5.22,651,651,651,651,,
2006.5.29,651,665,620,636,,
2006.6.5,636,645,607,608,,
2006.6.12,606,610,555,578,,
2006.6.19,571,588,568,585,,
2006.6.26,583,615,580,614,,
2006.7.3,624,624,624,633,,
2006.7.10,667,667,667,667,,
2006.7.17,675,677,675,620,,
2006.7.24,633,637,625,635,,
2006.7.31,634,656,627,644,,
2006.8.7,651,655,626,634,,
2006.8.14,630,631,609,612,,
2006.8.21,614,628,614,622,,
2006.8.28,622,622,611,624,,
2006.9.4,610,610,610,610,,
2006.9.11,591,591,591,576,,
2006.9.18,584,584,584,589,,
2006.9.25,598,606,595,599,,
2006.10.2,599,604,561,572,,
2006.10.9,578,586,568,589,,
2006.10.16,594,598,589,593,,
2006.10.23,577,596,577,598,,
2006.10.30,609,613,608,627,,
2006.11.6,617,617,617,628,,
2006.11.13,629,629,618,622,,
2006.11.20,629,629,629,629,,
2006.11.27,638,650,635,645,,
2006.12.4,646,648,625,626,,
2006.12.11,623,633,613,615,,
2006.12.18,614,623,612,619,,
2006.12.25,625,628,623,635,,
2007.1.1,640,640,617,605,,
2007.1.8,607,616,607,626,,
2007.1.15,631,634,631,636,,
2007.1.22,642,642,640,645,,
2007.1.29,643,662,641,646,,
2007.2.5,649,670,647,668,,
2007.2.12,664,672,661,669,,
2007.2.19,671,685,658,683,,
2007.2.26,685,688,662,642,,
2007.3.5,640,649,640,650,,
2007.3.12,648,653,648,653,,
2007.3.19,657,657,657,657,,
2007.3.26,666,668,655,663,,
2007.4.2,666,676,656,674,,
2007.4.9,671,684,671,685,,
2007.4.16,685,693,682,692,,
2007.4.23,689,691,673,679,,
2007.4.30,680,680,673,687,,
2007.5.7,671,671,671,671,,
2007.5.14,661,661,661,661,,
2007.5.21,661,661,654,655,,
2007.5.28,656,672,652,671,,
2007.6.4,671,674,645,646,,
2007.6.11,649,655,644,655,,
2007.6.18,658,661,649,654,,
2007.6.25,650,651,640,648,,
2007.7.2,657,657,656,653,,
2007.7.9,665,667,665,666,,
2007.7.16,667,667,667,684,,
2007.7.23,660,660,660,660,,
2007.7.30,660,674,659,673,,
2007.8.6,672,676,660,670,,
2007.8.13,670,671,643,657,,
2007.8.20,659,669,658,668,,
2007.8.27,668,673,664,673,,
2007.9.3,679,692,679,701,,
2007.9.10,705,717,702,710,,
2007.9.17,719,725,719,731,,
2007.9.24,728,746,727,743,,
2007.10.1,745,747,724,741,,
2007.10.8,735,750,732,749,,
2007.10.15,758,766,756,764,,
2007.10.22,767,783,752,784,,
2007.10.29,794,807,781,806,,
2007.11.5,805,841,804,833,,
2007.11.12,804,817,794,786,,
2007.11.19,778,803,778,824,,
2007.11.26,823,825,778,782,,
2007.12.3,784,805,777,794,,
2007.12.10,799,816,790,793,,
2007.12.17,794,813,788,812,,
2007.12.24,812,840,810,840,,
2007.12.31,843,866,843,863,,
2008.1.7,861,900,857,896,,
2008.1.14,907,907,871,881,,
2008.1.21,879,907,863,911,,
2008.1.28,917,936,904,909,,
2008.2.4,904,920,885,918,,
2008.2.11,921,927,897,903,,
2008.2.18,904,953,901,945,,
2008.2.25,947,973,931,972,,
2008.3.3,984,993,964,972,,
2008.3.10,976,1005,965,998,,
2008.3.17,1005,1015,918,920,,
2008.3.24,916,951,915,931,,
2008.3.31,931,940,872,909,,
2008.4.7,915,939,904,924,,
2008.4.14,917,949,907,912,,
2008.4.21,923,925,878,887,,
2008.4.28,887,894,850,856,,
2008.5.5,861,885,861,885,,
2008.5.12,879,904,863,899,,
2008.5.19,924,925,916,926,,
2008.5.26,912,912,869,887,,
2008.6.2,887,901,865,895,,
2008.6.9,901,909,858,870,,
2008.6.16,873,907,871,901,,
2008.6.23,903,928,876,929,,
2008.6.30,928,946,922,932,,
2008.7.7,931,966,915,960,,
2008.7.14,965,986,955,957,,
2008.7.21,965,975,921,927,,
2008.7.28,929,931,893,909,,
2008.8.4,913,915,851,858,,
2008.8.11,858,863,781,786,,
2008.8.18,792,837,790,827,,
2008.8.25,826,843,825,829,,
2008.9.1,830,841,791,798,,
2008.9.8,811,813,739,760,,
2008.9.15,778,911,764,861,,
2008.9.22,889,908,880,883,,
2008.9.29,871,919,823,829,,
2008.10.6,829,926,826,855,,
2008.10.13,861,861,774,785,,
2008.10.20,804,804,681,729,,
2008.10.27,743,774,712,717,,
2008.11.3,729,760,726,733,,
2008.11.10,749,754,707,742,,
2008.11.17,738,784,734,792,,
2008.11.24,820,824,807,816,,
2008.12.1,817,817,740,751,,
2008.12.8,755,832,754,819,,
2008.12.15,828,881,824,836,,
2008.12.22,849,872,835,870,,
2008.12.29,883,883,858,879,,
2009.1.5,882,884,838,854,,
2009.1.12,844,844,806,839,,
2009.1.19,839,899,824,895,,
2009.1.26,907,930,874,927,,
2009.2.2,929,929,890,914,,
2009.2.9,910,953,892,942,,
2009.2.16,940,1005,937,1002,,
2009.2.23,996,997,929,942,,
2009.3.2,945,956,900,942,,
2009.3.9,941,941,892,930,,
2009.3.16,926,961,885,956,,
2009.3.23,951,953,921,923,,
2009.3.30,925,933,891,896,,
2009.4.6,895,895,865,882,,
2009.4.13,883,899,865,867,,
2009.4.20,869,913,866,914,,
2009.4.27,918,918,881,888,,
2009.5.4,886,924,886,914,,
2009.5.11,913,932,913,931,,
2009.5.18,930,959,919,959,,
2009.5.25,953,980,944,979,,
2009.6.1,979,990,954,962,,
2009.6.8,958,966,936,940,,
2009.6.15,939,942,927,936,,
2009.6.22,925,946,917,941,,
2009.6.29,940,944,925,931,,
2009.7.6,929,934,906,912,,
2009.7.13,912,941,908,937,,
2009.7.20,954,955,946,953,,
2009.7.27,955,958,928,954,,
2009.8.3,953,971,951,957,,
2009.8.10,955,960,942,947,,
2009.8.17,947,958,932,953,,
2009.8.24,954,962,940,957,,
2009.8.31,960,995,945,995,,
2009.9.7,998,1012,987,1005,,
2009.9.14,1003,1020,995,1009,,
2009.9.21,1004,1019,987,990,,
2009.9.28,993,1009,985,1003,,
2009.10.5,1004,1060,1003,1048,,
2009.10.12,1049,1070,1044,1051,,
2009.10.19,1054,1066,1048,1056,,
2009.10.26,1056,1056,1028,1040,,
2009.11.2,1044,1100,1044,1095,,
2009.11.9,1099,1121,1098,1116,,
2009.11.16,1137,1149,1131,1146,,
2009.11.23,1169,1195,1130,1174,,
2009.11.30,1180,1226,1147,1169,,
2009.12.7,1158,1169,1111,1119,,
2009.12.14,1115,1142,1096,1111,,
2009.12.21,1116,1119,1075,1104,,
2009.12.28,1112,1112,1086,1095,,
2010.1.4,1097,1139,1097,1138,,
2010.1.11,1143,1161,1121,1130,,
2010.1.18,1131,1138,1083,1089,,
2010.1.25,1100,1100,1073,1083,,
2010.2.1,1081,1125,1045,1052,,
2010.2.8,1068,1097,1062,1090,,
2010.2.15,1095,1127,1092,1121,,
2010.2.22,1123,1127,1089,1118,,
2010.3.1,1119,1145,1114,1135,,
2010.3.8,1135,1136,1100,1102,,
2010.3.15,1104,1131,1101,1107,,
2010.3.22,1102,1105,1086,1104,,
2010.3.29,1111,1128,1101,1125,,
2010.4.5,1122,1165,1120,1161,,
2010.4.12,1169,1169,1130,1136,,
2010.4.19,1134,1155,1124,1153,,
2010.4.26,1160,1181,1149,1180,,
2010.5.3,1179,1211,1159,1210,,
2010.5.10,1202,1247,1189,1227,,
2010.5.17,1233,1236,1177,1176,,
2010.5.24,1184,1219,1184,1212,,
2010.5.31,1217,1228,1197,1216,,
2010.6.7,1220,1252,1211,1229,,
2010.6.14,1230,1262,1218,1257,,
2010.6.21,1257,1265,1227,1256,,
2010.6.28,1255,1262,1201,1207,,
2010.7.5,1207,1213,1185,1210,,
2010.7.12,1206,1217,1187,1188,,
2010.7.19,1182,1199,1180,1188,,
2010.7.26,1193,1193,1159,1182,,
2010.8.2,1182,1211,1175,1203,,
2010.8.9,1206,1216,1191,1215,,
2010.8.16,1218,1238,1218,1227,,
2010.8.23,1229,1243,1212,1236,,
2010.8.30,1237,1254,1233,1249,,
2010.9.6,1256,1260,1239,1245,,
2010.9.13,1243,1280,1243,1276,,
2010.9.20,1282,1297,1272,1296,,
2010.9.27,1298,1320,1288,1316,,
2010.10.4,1318,1363,1312,1344,,
2010.10.11,1347,1384,1344,1371,,
2010.10.18,1358,1373,1318,1324,,
2010.10.25,1334,1359,1321,1357,,
2010.11.1,1360,1398,1328,1397,,
2010.11.8,1391,1423,1360,1365,,
2010.11.15,1364,1373,1330,1352,,
2010.11.22,1369,1378,1365,1362,,
2010.11.29,1364,1415,1353,1405,,
2010.12.6,1414,1431,1372,1384,,
2010.12.13,1385,1408,1363,1379,,
2010.12.20,1380,1390,1374,1380,,
2010.12.27,1374,1421,1374,1421,,
2011.1.3,1416,1424,1356,1369,,
2011.1.10,1369,1393,1357,1360,,
2011.1.17,1365,1376,1339,1341,,
2011.1.24,1352,1352,1308,1341,,
2011.1.31,1339,1360,1323,1348,,
2011.2.7,1346,1369,1344,1360,,
2011.2.14,1358,1392,1357,1388,,
2011.2.21,1395,1415,1395,1409,,
2011.2.28,1411,1441,1408,1428,,
2011.3.7,1435,1445,1404,1422,,
2011.3.14,1420,1428,1386,1416,,
2011.3.21,1434,1447,1430,1426,,
2011.3.28,1413,1440,1412,1428,,
2011.4.4,1429,1476,1429,1473,,
2011.4.11,1476,1488,1444,1485,,
2011.4.18,1486,1508,1478,1503,,
2011.4.25,1513,1569,1495,1556,,
2011.5.2,1573,1577,1471,1491,,
2011.5.9,1502,1524,1485,1493,,
2011.5.16,1489,1513,1473,1509,,
2011.5.23,1511,1539,1507,1536,,
2011.5.30,1537,1551,1520,1542,,
2011.6.6,1543,1554,1526,1529,,
2011.6.13,1528,1542,1511,1539,,
2011.6.20,1536,1559,1499,1501,,
2011.6.27,1504,1514,1480,1482,,
2011.7.4,1490,1543,1490,1541,,
2011.7.11,1550,1593,1542,1590,,
2011.7.18,1593,1609,1582,1601,,
2011.7.25,1610,1635,1603,1628,,
2011.8.1,1623,1682,1607,1649,,
2011.8.8,1679,1814,1678,1740,,
2011.8.15,1735,1874,1731,1849,,
2011.8.22,1869,1909,1707,1794,,
2011.8.29,1818,1884,1783,1874,,
2011.9.5,1886,1912,1793,1856,,
2011.9.12,1852,1852,1769,1812,,
2011.9.19,1815,1819,1636,1638,,
2011.9.26,1646,1665,1562,1620,,
2011.10.3,1628,1678,1597,1635,,
2011.10.10,1646,1691,1646,1682,,
2011.10.17,1684,1694,1609,1635,,
2011.10.24,1646,1752,1639,1746,,
2011.10.31,1742,1766,1683,1755,,
2011.11.7,1772,1797,1755,1788,,
2011.11.14,1779,1783,1714,1725,,
2011.11.21,1705,1705,1674,1686,,
2011.11.28,1711,1763,1700,1747,,
2011.12.5,1749,1753,1703,1713,,
2011.12.12,1708,1708,1566,1596,,
2011.12.19,1596,1635,1590,1605,,
2011.12.26,1599,1599,1525,1566,,
2012.1.2,1569,1628,1566,1616,,
2012.1.9,1614,1656,1608,1630,,
2012.1.16,1644,1664,1642,1664,,
2012.1.23,1677,1734,1658,1732,,
2012.1.30,1737,1761,1716,1738,,
2012.2.6,1728,1752,1706,1723,,
2012.2.13,1725,1737,1707,1725,,
2012.2.20,1736,1786,1734,1775,,
2012.2.27,1774,1790,1669,1709,,
2012.3.5,1706,1710,1666,1711,,
2012.3.12,1708,1708,1637,1656,,
2012.3.19,1661,1668,1634,1662,,
2012.3.26,1665,1693,1644,1669,,
2012.4.2,1670,1683,1613,1629,,
2012.4.9,1645,1680,1636,1659,,
2012.4.16,1651,1657,1632,1642,,
2012.4.23,1642,1667,1625,1664,,
2012.4.30,1663,1671,1629,1645,,
2012.5.7,1638,1640,1586,1584,,
2012.5.14,1563,1591,1529,1592,,
2012.5.21,1592,1594,1534,1569,,
2012.5.28,1575,1630,1530,1621,,
2012.6.4,1623,1640,1567,1590,,
2012.6.11,1608,1630,1583,1627,,
2012.6.18,1623,1631,1560,1566,,
2012.6.25,1575,1600,1548,1604,,
2012.7.2,1597,1624,1587,1578,,
2012.7.9,1582,1600,1557,1592,,
2012.7.16,1586,1596,1570,1583,,
2012.7.23,1572,1615,1570,1618,,
2012.7.30,1623,1628,1583,1606,,
2012.8.6,1605,1624,1603,1620,,
2012.8.13,1622,1624,1591,1616,,
2012.8.20,1614,1673,1612,1670,,
2012.8.27,1675,1690,1646,1685,,
2012.9.3,1689,1738,1688,1738,,
2012.9.10,1733,1775,1727,1770,,
2012.9.17,1775,1785,1754,1776,,
2012.9.24,1773,1782,1738,1771,,
2012.10.1,1766,1795,1763,1779,,
2012.10.8,1778,1778,1754,1758,,
2012.10.15,1750,1751,1721,1723,,
2012.10.22,1715,1729,1699,1711,,
2012.10.29,1712,1725,1674,1674,,
2012.11.5,1683,1734,1674,1730,,
2012.11.12,1733,1735,1706,1714,,
2012.11.19,1722,1735,1722,1751,,
2012.11.26,1750,1751,1708,1711,,
2012.12.3,1715,1722,1684,1704,,
2012.12.10,1704,1722,1690,1696,,
2012.12.17,1691,1703,1636,1659,,
2012.12.24,1658,1667,1654,1655,,
2012.12.31,1655,1694,1626,1648,,
2013.1.7,1657,1674,1644,1660,,
2013.1.14,1665,1695,1664,1687,,
2013.1.21,1690,1695,1657,1656,,
2013.1.28,1652,1683,1652,1669,,
2013.2.4,1668,1683,1662,1666,,
2013.2.11,1667,1668,1600,1609,,
2013.2.18,1610,1617,1555,1572,,
2013.2.25,1579,1613,1566,1572,,
2013.3.4,1581,1586,1562,1577,,
2013.3.11,1576,1596,1576,1593,,
2013.3.18,1606,1613,1602,1606,,
2013.3.25,1607,1608,1590,1595,,
2013.4.1,1597,1603,1539,1575,,
2013.4.8,1576,1589,1480,1501,,
2013.4.15,1478,1487,1323,1395,,
2013.4.22,1407,1480,1406,1454,,
2013.4.29,1463,1487,1440,1464,,
2013.5.6,1468,1477,1423,1437,,
2013.5.13,1440,1444,1359,1365,,
2013.5.20,1343,1396,1343,1387,,
2013.5.27,1381,1421,1380,1393,,
2013.6.3,1389,1423,1378,1383,,
2013.6.10,1379,1394,1366,1387,,
2013.6.17,1390,1391,1269,1292,,
2013.6.24,1297,1297,1183,1224,,
2013.7.1,1235,1266,1209,1213,,
2013.7.8,1219,1285,1215,1278,,
2013.7.15,1292,1300,1273,1293,,
2013.7.22,1317,1345,1317,1322,,
2013.7.29,1327,1338,1283,1311,,
2013.8.5,1311,1318,1274,1313,,
2013.8.12,1317,1379,1317,1372,,
2013.8.19,1379,1398,1355,1396,,
2013.8.26,1399,1428,1391,1396,,
2013.9.2,1393,1414,1367,1387,,
2013.9.9,1390,1390,1305,1308,,
2013.9.16,1328,1373,1292,1333,,
2013.9.23,1327,1344,1309,1338,,
2013.9.30,1346,1351,1280,1310,,
2013.10.7,1314,1330,1264,1268,,
2013.10.14,1276,1326,1254,1314,,
2013.10.21,1317,1353,1314,1352,,
2013.10.28,1351,1360,1308,1313,,
2013.11.4,1315,1324,1281,1285,,
2013.11.11,1282,1293,1269,1287,,
2013.11.18,1285,1285,1237,1244,,
2013.11.25,1231,1255,1229,1251,,
2013.12.2,1251,1252,1213,1230,,
2013.12.9,1230,1267,1222,1236,,
2013.12.16,1238,1251,1189,1205,,
2013.12.23,1205,1219,1196,1216,,
2013.12.30,1215,1239,1182,1238,,
2014.1.6,1233,1247,1219,1247,,
2014.1.13,1251,1254,1238,1252,,
2014.1.20,1256,1269,1235,1265,,
2014.1.27,1260,1268,1238,1240,,
2014.2.3,1242,1274,1241,1263,,
2014.2.10,1270,1321,1266,1319,,
2014.2.17,1323,1331,1309,1324,,
2014.2.24,1324,1344,1321,1321,,
2014.3.3,1336,1354,1329,1338,,
2014.3.10,1336,1387,1331,1379,,
2014.3.17,1386,1391,1326,1336,,
2014.3.24,1333,1333,1286,1294,,
2014.3.31,1294,1306,1277,1303,,
2014.4.7,1301,1324,1296,1319,,
2014.4.14,1320,1330,1292,1293,,
2014.4.21,1290,1305,1272,1301,,
2014.4.28,1305,1305,1277,1303,,
2014.5.5,1306,1314,1286,1287,,
2014.5.12,1282,1307,1281,1293,,
2014.5.19,1291,1295,1287,1292,,
2014.5.26,1292,1292,1242,1246,,
2014.6.2,1250,1257,1241,1252,,
2014.6.9,1253,1275,1251,1274,,
2014.6.16,1280,1321,1261,1316,,
2014.6.23,1312,1326,1312,1319,,
2014.6.30,1315,1331,1312,1320,,
2014.7.7,1320,1344,1313,1337,,
2014.7.14,1333,1333,1294,1309,,
2014.7.21,1311,1316,1295,1303,,
2014.7.28,1307,1311,1280,1294,,
2014.8.4,1294,1322,1283,1309,,
2014.8.11,1308,1316,1292,1305,,
2014.8.18,1301,1302,1272,1279,,
2014.8.25,1277,1294,1274,1286,,
2014.9.1,1285,1286,1260,1266,,
2014.9.8,1268,1268,1227,1230,,
2014.9.15,1227,1238,1216,1215,,
2014.9.22,1215,1217,1210,1214,,
2014.9.29,1216,1222,1191,1192,,
2014.10.6,1188,1229,1183,1221,,
2014.10.13,1230,1247,1227,1238,,
2014.10.20,1237,1244,1228,1231,,
2014.10.27,1230,1231,1161,1171,,
2014.11.3,1166,1172,1133,1170,,
2014.11.10,1171,1191,1148,1185,,
2014.11.17,1183,1202,1181,1198,,
2014.11.24,1198,1201,1164,1175,,
2014.12.1,1160,1220,1142,1190,,
2014.12.8,1191,1238,1187,1222,,
2014.12.15,1223,1223,1184,1196,,
2014.12.22,1198,1198,1173,1195,,
2014.12.29,1187,1210,1170,1186,,
2015.1.5,1180,1220,1180,1216,,
2015.1.12,1224,1280,1219,1277,,
2015.1.19,1279,1304,1274,1293,,
2015.1.26,1290,1291,1251,1279,,
2015.2.2,1284,1285,1228,1234,,
2015.2.9,1238,1245,1218,1227,,
2015.2.16,1228,1234,1198,1204,,
2015.2.23,1201,1219,1192,1213,,
2015.3.2,1214,1223,1164,1164,,
2015.3.9,1169,1174,1148,1153,,
2015.3.16,1160,1185,1144,1185,,
2015.3.23,1182,1214,1181,1200,,
2015.3.30,1198,1208,1178,1201,,
2015.4.6,1210,1224,1193,1205,,
2015.4.13,1208,1209,1184,1203,,
2015.4.20,1206,1207,1175,1175,,
2015.4.27,1182,1213,1170,1175,,
2015.5.4,1178,1199,1178,1189,,
2015.5.11,1190,1226,1179,1226,,
2015.5.18,1225,1228,1204,1204,,
2015.5.25,1194,1195,1180,1189,,
2015.6.1,1191,1204,1163,1168,,
2015.6.8,1170,1190,1169,1179,,
2015.6.15,1180,1203,1173,1202,,
2015.6.22,1198,1198,1171,1173,,
2015.6.29,1185,1186,1156,1163,,
2015.7.6,1164,1173,1146,1158,,
2015.7.13,1159,1159,1130,1132,,
2015.7.20,1130,1131,1079,1086,,
2015.7.27,1100,1103,1079,1095,,
2015.8.3,1096,1098,1081,1094,,
2015.8.10,1093,1125,1090,1113,,
2015.8.17,1114,1167,1110,1160,,
2015.8.24,1164,1169,1118,1133,,
2015.8.31,1131,1145,1116,1121,,
2015.9.7,1120,1124,1098,1104,,
2015.9.14,1108,1141,1103,1138,,
2015.9.21,1138,1156,1123,1146,,
2015.9.28,1133,1141,1106,1137,,
2015.10.5,1137,1157,1133,1156,,
2015.10.12,1156,1189,1155,1184,,
2015.10.19,1177,1179,1163,1163,,
2015.10.26,1165,1183,1139,1142,,
2015.11.2,1138,1139,1085,1088,,
2015.11.9,1089,1091,1081,1081,,
2015.11.16,1092,1092,1064,1076,,
2015.11.23,1070,1079,1051,1056,,
2015.11.30,1057,1089,1046,1085,,
2015.12.7,1085,1087,1064,1077,,
2015.12.14,1074,1079,1051,1066,,
2015.12.21,1070,1082,1070,1077,,
2015.12.28,1078,1099,1059,1060,,
2016.1.4,1063,1111,1063,1098,,
2016.1.11,1106,1108,1074,1092,,
2016.1.18,1090,1110,1085,1097,,
2016.1.25,1099,1126,1099,1116,,
2016.2.1,1117,1175,1115,1158,,
2016.2.8,1174,1261,1165,1239,,
2016.2.15,1233,1239,1194,1230,,
2016.2.22,1226,1250,1203,1220,,
2016.2.29,1219,1280,1219,1270,,
2016.3.7,1260,1281,1238,1259,,
2016.3.14,1256,1270,1228,1254,,
2016.3.21,1256,1256,1214,1221,,
2016.3.28,1212,1245,1209,1222,,
2016.4.4,1222,1243,1215,1243,,
2016.4.11,1242,1262,1225,1233,,
2016.4.18,1239,1271,1228,1229,,
2016.4.25,1232,1296,1232,1289,,
2016.5.2,1292,1304,1271,1293,,
2016.5.9,1287,1287,1259,1272,,
2016.5.16,1273,1288,1248,1252,,
2016.5.23,1252,1252,1206,1214,,
2016.5.30,1213,1245,1199,1240,,
2016.6.6,1244,1278,1237,1273,,
2016.6.13,1276,1316,1273,1293,,
2016.6.20,1289,1356,1254,1320,,
2016.6.27,1330,1344,1312,1337,,
2016.7.4,1342,1375,1335,1357,,
2016.7.11,1372,1372,1323,1327,,
2016.7.18,1328,1338,1313,1323,,
2016.7.25,1316,1353,1314,1349,,
2016.8.1,1349,1366,1334,1336,,
2016.8.8,1330,1354,1328,1336,,
2016.8.15,1337,1355,1334,1340,,
2016.8.22,1334,1341,1317,1322,,
2016.8.29,1315,1327,1302,1322,,
2016.9.5,1323,1351,1323,1330,,
2016.9.12,1327,1329,1311,1306,,
2016.9.19,1326,1339,1324,1337,,
2016.9.26,1335,1342,1313,1313,,
2016.10.3,1314,1317,1250,1249,,
2016.10.10,1259,1260,1251,1253,,
2016.10.17,1250,1272,1250,1266,,
2016.10.24,1269,1282,1262,1276,,
2016.10.31,1277,1307,1272,1303,,
2016.11.7,1292,1319,1219,1224,,
2016.11.14,1228,1230,1207,1209,,
2016.11.21,1210,1214,1177,1178,,
2016.11.28,1188,1195,1160,1175,,
2016.12.5,1182,1187,1156,1159,,
2016.12.12,1158,1164,1124,1135,,
2016.12.19,1139,1141,1127,1132,,
2016.12.26,1134,1162,1134,1150,,
2017.1.2,1155,1183,1147,1172,,
2017.1.9,1174,1204,1173,1195,,
2017.1.16,1206,1215,1196,1204,,
2017.1.23,1212,1219,1186,1188,,
2017.1.30,1192,1224,1187,1219,,
2017.2.6,1222,1244,1219,1234,,
2017.2.13,1231,1241,1217,1238,,
2017.2.20,1237,1259,1228,1257,,
2017.2.27,1255,1263,1223,1226,,
2017.3.6,1235,1235,1196,1201,,
2017.3.13,1206,1231,1197,1230,,
2017.3.20,1229,1250,1226,1248,,
2017.3.27,1256,1258,1239,1247,,
2017.4.3,1248,1269,1243,1254,,
2017.4.10,1253,1288,1247,1286,,
2017.4.17,1292,1295,1274,1287,,
2017.4.24,1275,1277,1262,1266,,
2017.5.1,1269,1269,1224,1225,,
2017.5.8,1224,1234,1214,1226,,
2017.5.15,1228,1260,1228,1253,,
2017.5.22,1252,1262,1250,1268,,
2017.5.29,1267,1279,1258,1277,,
2017.6.5,1279,1295,1265,1269,,
2017.6.12,1266,1278,1250,1254,,
2017.6.19,1252,1274,1240,1256,,
2017.6.26,1260,1260,1238,1241,,
2017.7.3,1236,1236,1213,1209,,
2017.7.10,1211,1228,1209,1227,,
2017.7.17,1230,1251,1230,1254,,
2017.7.24,1256,1270,1245,1268,,
2017.7.31,1269,1273,1254,1258,,
2017.8.7,1259,1291,1251,1288,,
2017.8.14,1288,1301,1267,1286,,
2017.8.21,1285,1293,1280,1293,,
2017.8.28,1294,1328,1294,1325,,
2017.9.4,1335,1356,1329,1346,,
2017.9.11,1330,1330,1320,1320,,
2017.9.18,1310,1310,1290,1293,,
2017.9.25,1293,1309,1277,1282,,
2017.10.2,1275,1281,1261,1272,,
2017.10.9,1281,1302,1279,1302,,
2017.10.16,1302,1304,1278,1277,,
2017.10.23,1275,1281,1265,1269,,
2017.10.30,1270,1275,1265,1267,,
2017.11.6,1269,1287,1269,1272,,
2017.11.13,1277,1288,1276,1296,,
2017.11.20,1276,1285,1276,1287,,
2017.11.27,1293,1296,1270,1279,,
2017.12.4,1273,1276,1242,1245,,
2017.12.11,1248,1260,1237,1254,,
2017.12.18,1256,1276,1256,1275,,
2017.12.25,1282,1305,1282,1306,,
2018.1.1,1302,1322,1302,1320,,
2018.1.8,1320,1338,1310,1333,,
2018.1.15,1331,1334,1327,1332,,
2018.1.22,1328,1357,1328,1352,,
2018.1.29,1339,1352,1328,1334,,
2018.2.5,1331,1344,1307,1313,,
2018.2.12,1324,1361,1318,1353,,
2018.2.19,1348,1350,1322,1328,,
2018.2.26,1335,1341,1302,1321,,
2018.3.5,1324,1338,1313,1322,,
2018.3.12,1325,1325,1310,1311,,
2018.3.19,1309,1349,1307,1349,,
2018.3.26,1349,1352,1322,1323,,
2018.4.2,1327,1347,1319,1332,,
2018.4.9,1333,1365,1327,1345,,
2018.4.16,1341,1355,1335,1337,,
2018.4.23,1334,1334,1313,1320,,
2018.4.30,1310,1314,1303,1313,,
2018.5.7,1311,1318,1309,1319,,
2018.5.14,1320,1320,1285,1290,,
2018.5.21,1287,1292,1287,1303,,
2018.5.28,1298,1307,1289,1295,,
2018.6.4,1294,1303,1290,1298,,
2018.6.11,1299,1308,1274,1275,,
2018.6.18,1281,1282,1260,1267,,
2018.6.25,1271,1271,1245,1251,,
2018.7.2,1250,1260,1237,1254,,
2018.7.9,1258,1262,1241,1240,,
2018.7.16,1243,1244,1212,1230,,
2018.7.23,1222,1228,1222,1223,,
2018.7.30,1223,1228,1205,1214,,
2018.8.6,1214,1216,1206,1211,,
2018.8.13,1207,1207,1161,1177,,
2018.8.20,1185,1208,1184,1206,,
2018.8.27,1210,1217,1196,1200,,
2018.9.3,1199,1202,1190,1194,,
2018.9.10,1190,1205,1190,1195,,
2018.9.17,1199,1199,1198,1196,,
2018.9.24,1202,1203,1180,1192,,
2018.10.1,1192,1206,1186,1201,,
2018.10.8,1201,1225,1184,1218,,
2018.10.15,1222,1232,1222,1225,,
2018.10.22,1225,1239,1220,1233,,
2018.10.29,1228,1233,1212,1231,,
2018.11.5,1231,1234,1207,1206,,
2018.11.12,1202,1224,1196,1221,,
2018.11.19,1273,1273,1273,1272,,
2018.11.26,1275,1275,1275,1269,,
2018.12.3,1283,1292,1283,1296,,
2018.12.10,1294,1294,1290,1284,,
2018.12.17,1308,1308,1306,1300,,
2018.12.24,1260,1280,1260,1280,,
2018.12.31,1333,1335,1330,1329,,
2019.1.7,1332,1337,1332,1333,,
2019.1.14,1332,1332,1332,1326,,
2019.1.21,1325,1342,1325,1341,,
2019.1.28,1343,1366,1343,1359,,
2019.2.4,1352,1357,1347,1356,,
2019.2.11,1348,1354,1347,1359,,
2019.2.18,1367,1387,1365,1370,,
2019.2.25,1366,1371,1331,1336,,
2019.3.4,1333,1336,1322,1336,,
2019.3.11,1328,1348,1328,1339,,
2019.3.18,1341,1355,1338,1348,,
2019.3.25,1348,1359,1323,1328,,
2019.4.1,1330,1330,1316,1325,,
2019.4.8,1335,1343,1324,1326,,
2019.4.15,1325,1325,1304,1306,,
2019.4.22,1311,1318,1311,1319,,
2019.4.29,1315,1315,1314,1311,,
2019.5.6,1315,1318,1311,1317,,
2019.5.13,1316,1332,1304,1304,,
2019.5.20,1306,1314,1302,1312,,
2019.5.27,1304,1333,1303,1333,,
2019.6.3,1335,1369,1335,1367,,
2019.6.10,1362,1381,1347,1366,,
2019.6.17,1367,1435,1361,1420,,
2019.6.24,1431,1459,1424,1434,,
2019.7.1,1419,1459,1409,1422,,
2019.7.8,1422,1450,1411,1436,,
2019.7.15,1439,1477,1431,1450,,
2019.7.22,1449,1456,1438,1444,,
2019.7.29,1446,1471,1424,1468,,
2019.8.5,1461,1532,1461,1519,,
2019.8.12,1518,1556,1500,1534,,
2019.8.19,1531,1550,1513,1548,,
2019.8.26,1567,1575,1540,1541,,
2019.9.2,1549,1576,1523,1527,,
2019.9.9,1525,1542,1506,1512,,
2019.9.16,1520,1536,1508,1527,,
2019.9.23,1533,1555,1507,1519,,
2019.9.30,1515,1537,1478,1525,,
2019.10.7,1530,1534,1490,1501,,
2019.10.14,1503,1514,1493,1506,,
2019.10.21,1507,1533,1497,1518,,
2019.10.28,1518,1530,1496,1524,,
2019.11.4,1527,1529,1469,1475,,
2019.11.11,1473,1487,1459,1481,,
2019.11.18,1482,1492,1469,1476,,
2019.11.25,1473,1478,1463,1478,,
2019.12.2,1474,1495,1466,1471,,
2019.12.9,1469,1497,1469,1487,,
2019.12.16,1486,1491,1480,1487,,
2019.12.23,1487,1526,1487,1524,,
2019.12.30,1522,1562,1520,1559,,
2020.1.6,1572,1620,1547,1566,,
2020.1.13,1570,1570,1543,1567,,
2020.1.20,1564,1582,1552,1578,,
2020.1.27,1586,1596,1568,1588,,
2020.2.3,1598,1599,1551,1573,,
2020.2.10,1576,1588,1564,1586,,
2020.2.17,1585,1652,1582,1649,,
2020.2.24,1656,1692,1564,1567,,
2020.3.2,1593,1693,1576,1672,,
2020.3.9,1693,1704,1504,1517,,
2020.3.16,1564,1575,1451,1485,,
2020.3.23,1505,1699,1485,1625,,
2020.3.30,1663,1674,1576,1646,,
2020.4.6,1648,1755,1638,1753,,
2020.4.13,1742,1789,1691,1699,,
2020.4.20,1693,1764,1666,1736,,
2020.4.27,1745,1746,1676,1701,,
2020.5.4,1711,1736,1683,1714,,
2020.5.11,1706,1761,1692,1756,,
2020.5.18,1758,1776,1715,1736,,
2020.5.25,1730,1738,1684,1737,,
2020.6.1,1750,1761,1672,1683,,
2020.6.8,1687,1755,1681,1737,,
2020.6.15,1741,1761,1706,1753,,
2020.6.22,1766,1796,1754,1780,,
2020.6.29,1789,1808,1766,1790,,